약품명,약품코드,제조회사,거래처,적정재고,재고합계,단가,재고금액(단가)
가나모티에스알정15밀리그램(모사프리드시트르산염수화물)_(15.88mg/1정),658604220,이연제약(주),(주)훼밀리팜,0,178,289,"51,442"
가스모틴정5밀리그람(모사프리드시트르산염이수화물)_(5.29mg/1정),641600030,(주)대웅제약,지오영네트웍스(주),0,124,102,"12,648"
가스티인씨알정(모사프리드시트르산염수화물)_(15.87mg/1정),644309090,한국유나이티드제약(주),백제약품(주)영등포지점,0,49,340,"16,660"
거드액(알긴산나트륨)_(1.25g/25mL),645702831,삼아제약(주),백제약품(주)영등포지점,0,50,275,"13,750"
겐트리손크림_(20g),648500021,신풍제약(주),백제약품(주)영등포지점,0,3,"1,000","3,000"
고려아시클로버크림(아시클로버)(수출명:바이락스크림(VIRAXCream)이노바이락스5%크림(INNOVIRAX5%Cream)_(0.25g/5g),642800111,고려제약(주),백제약품(주)영등포지점,0,1,"1,113","1,113"
광동세파클러캡슐(세파클러수화물)_(0.25g/1캡슐),641800310,광동제약(주),백제약품(주)영등포지점,0,50,437,"21,850"
구구정10밀리그램,643507052,한미약품(주),온라인팜-전문,0,32,"1,760","56,320"
구구정20밀리그램,643507042,한미약품(주),복산나이스,0,20,"3,688","73,750"
국제아시클로버크림_(0.25g/5g),643700583,국제약품(주),지오영네트웍스(주),0,1,"1,320","1,320"
그린관장약(농글리세린)(수출명:FIT-APO),648300040,(주)그린제약,(주)훼밀리팜,0,90,300,"27,000"
그린관장약(농글리세린)(수출명:FIT-APO)_(15g/30mL),648300042,(주)그린제약,복산나이스,0,50,230,"11,500"
글로덱시정300mg(덱시부프로펜)_(0.3g/1정),693200630,(주)한국글로벌제약,백제약품(주)영등포지점,0,70,115,"8,050"
기넥신에프정80밀리그램(은행엽엑스)_(80mg/1정),644700140,에스케이케미칼(주),백제약품(주)영등포지점,0,200,185,"37,000"
나딕사크림,642200020,부광약품(주),복산나이스,0,4,"14,999","59,996"
나자코트비액(트리암시놀론아세토니드)_(6.6mg/120회),74200091,오펠라헬스케어코리아(주),백제약품(주)영등포지점,0,3,"11,207","33,621"
나자티브나잘스프레이(모메타손푸로에이트)_(7mg/140회),645304101,한림제약(주),복산나이스,0,2,"10,688","21,376"
나푸디정(라푸티딘)_(10mg/1정),643704800,국제약품(주),백제약품(주)영등포지점,0,84.5,132,"11,154"
낙소졸정500/20밀리그램_(1정),643506630,한미약품(주),백제약품(주)영등포지점,0,78,445,"34,710"
네오덱스안연고_(5g),645300053,한림제약(주),복산나이스,0,3,"1,522","4,566"
네젤렉스나잘스프레이(모메타손푸로에이트)_(7mg/140회),671804901,대원제약(주),백제약품(주)영등포지점,0,14,"9,350","130,900"
넥시움정40밀리그람(에스오메프라졸마그네슘)_(44.5mg/1정),650700080,한국아스트라제네카(주),백제약품(주)영등포지점,0,21,"1,001","21,021"
노레보원정,642000030,현대약품(주),복산나이스,0,2,"13,700","27,400"
노르믹스정(리팍시민)_(0.2g/1정),659700020,(주)삼오제약,백제약품(주)영등포지점,0,52,545,"28,340"
노바스크정5밀리그람(암로디핀베실산염)_(6.944mg/1정),73400360,비아트리스코리아(주),백제약품(주)영등포지점,0,90,359,"32,310"
노이로민정(세인트존스워트80%메탄올건조엑스)_(0.3g/1정),644500120,(주)유유제약,지오영네트웍스(주),0,390,159,"62,010"
노즈쏙정,641704790,일양약품(주),,0,76,77,"5,852"
노타민정(로라타딘)_(10mg/1정),650200130,안국약품(주),백제약품(주)영등포지점,0,50,210,"10,500"
뉴리탄정0.1밀리그램(데스모프레신아세트산염)_(0.1mg/1정),662503880,(주)넥스팜코리아,지오영네트웍스(주),0,69,735,"50,715"
뉴클러캡슐(세파클러수화물)_(0.25g/1캡슐),665500370,한국유니온제약(주),백제약품(주)영등포지점,0,25,438,"10,950"
니메겐연질캡슐(이소트레티노인)_(10mg/1캡슐),646000210,(주)메디카코리아,복산나이스,0,117,305,"35,685"
다모다트연질캡슐0.5밀리그램(두타스테리드)_(0.5mg/1캡슐),642003640,현대약품(주),백제약품(주)영등포지점,0,90,538,"48,420"
다이아벡스정500밀리그램(메트포르민염산염)_(0.5g/1정),641600390,(주)대웅제약,백제약품(주)영등포지점,0,40,70,"2,800"
"대우세파클러캡슐250밀리그램(수출명:케세프캡슐,탄품캡슐)_(0.25g/1캡슐)",649600240,대우제약(주),지오영네트웍스(주),0,38,433,"16,454"
대웅바이오록소프로펜정(록소프로펜나트륨수화물)_(68.1mg/1정),694000680,대웅바이오(주),백제약품(주)영등포지점,0,48,125,"6,000"
대웅바이오실데나필정100밀리그램,694000851,대웅바이오(주),복산나이스,0,24,"3,181","76,350"
대웅바이오실데나필정50밀리그램,694000860,대웅바이오(주),복산나이스,0,32,"1,639","52,440"
대웅바이오에페리손정(에페리손염산염)_(50mg/1정),694000590,대웅바이오(주),복산나이스,0,53,98,"5,194"
대웅푸루나졸정150밀리그램(플루코나졸)_(0.15g/1정),641601050,(주)대웅제약,복산나이스,0,41,"2,813","115,333"
대원디아제팜정2밀리그램(수출명:디아잠정2밀리그램)(수출명2:트레즈콘정2밀리그램)_(2mg/1정),671800270,대원제약(주),백제약품(주)영등포지점,0,525.5,22,"11,561"
대원아시클로버정_(0.2g/1정),671800550,대원제약(주),백제약품(주)영등포지점,0,80,747,"59,760"
대원알마게이트정_(0.5g/1정),671800600,대원제약(주),지오영네트웍스(주),0,"5,595.00",33,"184,635"
대한정제수_(1000mL),645100880,대한약품공업(주),백제약품(주)영등포지점,0,2,"1,200","2,400"
더마톱액0.25%(프레드니카르베이트)_(50mg/20mL),652100151,(주)한독,복산나이스,0,1,"3,549","3,549"
더마톱연고0.25%(프레드니카르베이트)_(25mg/10g),652100161,(주)한독,복산나이스,0,2,"1,595","3,190"
더마톱크림0.25%(프레드니카르베이트)_(25mg/10g),652100171,(주)한독,백제약품(주)영등포지점,0,3,"1,598","4,794"
더모베이트액(클로베타솔프로피오네이트)_(25mg/50mL),650000122,(주)글락소스미스클라인,(주)훼밀리팜,0,2,"2,750","5,500"
더모베이트연고(클로베타솔프로피오네이트)_(7.5mg/15g),650002372,(주)글락소스미스클라인,지오영네트웍스(주),0,2,915,"1,830"
더모타손엠엘이로션(모메타손푸로에이트)_(30mg/30g),657300282,(주)동구바이오제약,백제약품(주)영등포지점,0,1,"5,520","5,520"
더모타손엠엘이로션(모메타손푸로에이트)_(60mg/60g),657300283,(주)동구바이오제약,백제약품(주)영등포지점,0,1,"11,040","11,040"
더모타손엠엘이크림(모메타손푸로에이트)_(30mg/30g),657300307,(주)동구바이오제약,백제약품(주)영등포지점,0,2,"5,786","11,572"
더모픽스크림(세르타코나졸질산염)_(0.4g/20g),642200132,부광약품(주),백제약품(주)영등포지점,0,4,"3,656","14,624"
더비솔액(클로베타솔프로피오네이트)_(23.3mg/50mL),646000302,(주)메디카코리아,백제약품(주)영등포지점,0,2,"2,750","5,500"
데소나로션0.05%(데소나이드)_(30mg/60g),671700111,주식회사제뉴원사이언스,복산나이스,0,3,"2,820","8,460"
데속시원겔0.05%(데속시메타손)_(15mg/30g),698002602,콜마파마(주),지오영네트웍스(주),0,1,"3,060","3,060"
데스오웬로션0.05%(데소니드)_(60mg/120mL),655700021,갈더마코리아(주),지오영네트웍스(주),0,2,"5,555","11,110"
데일라정5mg,656003820,알리코제약(주),복산나이스,0,30,952,"28,570"
데타손연고0.25%(데속시메타손)_(75mg/30g),643200104,동성제약(주),백제약품(주)영등포지점,0,2,"2,097","4,194"
데파스정0.5밀리그람(에티졸람)_(0.5mg/1정),643300310,(주)종근당,백제약품(주)영등포지점,0,44,88,"3,872"
데파스정1밀리그람(에티졸람)_(1mg/1정),643300320,(주)종근당,지오영네트웍스(주),0,23,136,"3,128"
덱시디펜정400밀리그램(덱시부프로펜)_(0.4g/1정),648104320,경동제약(주),(주)훼밀리팜,0,60,154,"9,240"
덱시부시럽(덱시부프로펜)_(6g/500mL),670103171,(주)팜젠사이언스,복산나이스,0,469,19,"8,911"
덱시핀정(덱시부프로펜)_(0.4g/1정),671700170,주식회사제뉴원사이언스,백제약품(주)영등포지점,0,"1,208.00",131,"158,248"
덱실란트디알캡슐30밀리그램(덱스란소프라졸)_(30mg/1캡슐),696300170,한국다케다제약(주),백제약품(주)영등포지점,0,60,582,"34,920"
덱실란트디알캡슐60밀리그램(덱스란소프라졸)_(60mg/1캡슐),696300180,한국다케다제약(주),백제약품(주)영등포지점,0,120,873,"104,760"
도란사민캅셀(트라넥삼산)(수출명:트라민캅셀)_(0.25g/1캡슐),645400120,제일약품(주),지오영네트웍스(주),0,690,80,"55,200"
도모호론액(클로베타솔프로피오네이트)_(13.98mg/30mL),657300391,(주)동구바이오제약,백제약품(주)영등포지점,0,2,"1,650","3,300"
독시메디정(독시사이클린수화물)_(0.1g/1정),57000370,주식회사더유제약,지오영네트웍스(주),0,111,160,"17,760"
독시엔디정(독시사이클린수화물)_(0.1g/1정),679801470,(주)티디에스팜,지오영네트웍스(주),0,344,160,"55,040"
동아가스터정20밀리그램(파모티딘)_(20mg/1정),642500390,동아에스티(주),지오영네트웍스(주),0,105,158,"16,590"
두타모아정0.5밀리그램,678901190,제이더블유생명과학(주),복산나이스,0,90,465,"41,814"
두타윈연질캡슐0.5밀리그램,658107101,(유)한풍제약,복산나이스,0,360,409,"147,264.01"
듀라티얼즈안연고(무수액체라놀린)_(0.105g/3.5g),652400042,한국알콘(주),지오영네트웍스(주),0,5,"2,409","12,045"
듀악겔3%-30G,ZA00001229,,복산나이스,0,1,"38,500","38,500"
듀오다트캡슐_(1캡슐),650003210,(주)글락소스미스클라인,백제약품(주)영등포지점,0,60,"1,499","89,940"
드로피진시럽(레보드로프로피진)_(3g/500mL),670300182,코오롱제약(주),백제약품(주)영등포지점,0,146,20,"2,920"
드로피진씨알서방정(레보드로프로피진)_(90mg/1정),670304740,코오롱제약(주),백제약품(주)영등포지점,0,46,189,"8,694"
디부루펜정400밀리그램(덱시부프로펜디.씨)_(0.4g/1정),649500350,유니메드제약(주),백제약품(주)영등포지점,0,120,152,"18,240"
디에타민정,641601120,(주)대웅제약,백제약품(주)영등포지점,0,90,"1,200","108,000"
디카맥스디플러스정_(1정),664601190,(주)다림바이오텍,복산나이스,0,90,94,"8,460"
디쿠스점안액(디쿠아포솔나트륨)_(0.18g/6mL),649605981,대우제약(주),지오영네트웍스(주),0,1,"2,827","2,827"
디클렉틴장용정,642003810,현대약품(주),백제약품(주)영등포지점,0,149,"1,303","194,147"
디튜린정0.1밀리그램(데스모프레신아세트산염)_(0.1mg/1정),643306730,(주)종근당,복산나이스,0,37,735,"27,195"
디트루시톨SR캡슐4밀리그람(톨터로딘-L-타르타르산염)_(4mg/1캡슐),73400080,비아트리스코리아(주),백제약품(주)영등포지점,0,30,922,"27,660"
디팔렌겔,671700190,주식회사 제뉴원사이언스,복산나이스,0,3,"11,560","34,680"
디페리손서방정(에페리손염산염)_(75mg/1정),641606890,(주)대웅제약,백제약품(주)영등포지점,0,44,162,"7,128"
디페린겔0.1%,655700040,갈더마코리아(주),서울약사신협,0,1,"18,800","18,800"
디푸코연고0.3%(디플루코르톨론발레레이트)_(30mg/10g),644100091,제이더블유신약(주),(주)훼밀리팜,0,24,"1,220","29,280"
딜라트렌정3.125mg(카르베딜롤)_(3.125mg/1정),643306090,(주)종근당,백제약품(주)영등포지점,0,60,165,"9,900"
딜라트렌정6.25mg(카르베딜롤)_(6.25mg/1정),643300370,(주)종근당,(주)훼밀리팜,0,16,197,"3,152"
라베듀오정20/800밀리그램_(1정),644309680,한국유나이티드제약(주),지오영네트웍스(주),0,35,"1,069","37,415"
"라베미니정(라베프라졸,탄산수소나트륨)_(1정)",644309730,한국유나이티드제약(주),백제약품(주)영등포지점,0,72,534,"38,448"
라베스토정10밀리그램(라베프라졸나트륨)_(10mg/1정),670600480,(주)휴온스,백제약품(주)영등포지점,0,49,534,"26,166"
라베스토정20밀리그램(라베프라졸나트륨)_(20mg/1정),670600490,(주)휴온스,(주)훼밀리팜,0,108,"1,069","115,452"
라벤다크림_(15g),645203761,(주)에이프로젠바이오로직스,(주)훼밀리팜,0,11,990,"10,890"
락토엔큐캡슐(바실루스리케니포르미스균)_(0.25g/1캡슐),671806520,대원제약(주),복산나이스,0,88,127,"11,176"
락티손에이취씨현탁액1%(히드로코르티손)_(0.2g/20mL),644100141,제이더블유신약(주),백제약품(주)영등포지점,0,2,"1,739","3,478"
락티손에이취씨현탁액2.5%(히드로코르티손)_(0.2g/8mL),644100151,제이더블유신약(주),복산나이스,0,2,"1,520","3,040"
락티케어에취씨로션1%(히드로코르티손)_(0.6g/60g),653005004,(주)한국파마,지오영네트웍스(주),0,2,"5,035","10,070"
락티케어에취씨로션1%(히드로코르티손)_(1.18g/118g),653005005,(주)한국파마,백제약품(주)영등포지점,0,1,"9,602","9,602"
락티케어에취씨로션2.5%(히드로코르티손)_(1.5g/60g),653005013,(주)한국파마,복산나이스,0,2,"8,591","17,182"
레드로피정(레보드로프로피진)_(60mg/1정),693902180,(주)셀트리온제약,(주)훼밀리팜,0,182,114,"20,748"
레미코트서방성캡슐1밀리그램(에메다스틴푸마르산염서방성과립)_(1mg/1캡슐),670300280,코오롱제약(주),복산나이스,0,41,162,"6,642"
레바진정(레바미피드)_(0.1g/1정),658602730,이연제약(주),백제약품(주)영등포지점,0,129,88,"11,352"
레보코나진정(레보세티리진염산염)_(5mg/1정),656003540,알리코제약(주),복산나이스,0,56,179,"10,024"
레보코푸시럽(레보드로프로피진)_(3g/500mL),658603181,이연제약(주),지오영네트웍스(주),0,"1,500.00",20,"30,000"
레보펙신정(레보플록사신수화물)_(0.1g/1정),642900250,일동제약(주),백제약품(주)영등포지점,0,32,482,"15,424"
레복사신정100밀리그램(레보플록사신수화물)_(0.1g/1정),643500540,한미약품(주),백제약품(주)영등포지점,0,5,565,"2,825"
레복사신정250밀리그램(레보플록사신수화물)_(0.25625g/1정),643504840,한미약품(주),백제약품(주)영등포지점,0,46,936,"43,056"
"레일라정_(당귀목과방풍속단오가피우슬위령선육계진교천궁천마홍화25%에탄올연조엑스(3.5→1),0.4054g/1정)",697100230,(주)한국피엠지제약,지오영네트웍스(주),0,60,220,"13,200"
렉사프로정10밀리그람(에스시탈로프람옥살산염)_(12.77mg/1정),668000020,한국룬드벡(주),지오영네트웍스(주),0,85,579,"49,215"
렐바100엘립타_(30회),650002940,(주)글락소스미스클라인,백제약품(주)영등포지점,0,4,"30,420","121,680"
로도질정_(1정),652000170,(주)사노피-아벤티스코리아,지오영네트웍스(주),0,36,136,"4,896"
로마릴네일라카(아모롤핀염산염)_(0.2787g/5mL),671704871,주식회사제뉴원사이언스,백제약품(주)영등포지점,0,1,"23,190","23,190"
로멕스겔(메트로니다졸)_(37.5mg/5g),57000103,주식회사더유제약,(주)훼밀리팜,0,20,"1,254","25,080"
로세릴네일라카(아모롤핀염산염)_(0.2787g/5mL),655700103,갈더마코리아(주),(주)훼밀리팜,0,1,"23,116","23,116"
로섹스겔0.75%,655700122,갈더마코리아(주),백제약품(주)영등포지점,0,1,"27,400","27,400"
로시덴겔(피록시캄)_(0.25g/50g),648500502,신풍제약(주),백제약품(주)영등포지점,0,1,"1,850","1,850"
"로시스정(록시트로마이신)(수출명:ROXIOTAXEtab.,INTRALID)_(0.15g/1정)",670600600,(주)휴온스,지오영네트웍스(주),0,"1,723.00",374,"644,402"
로잔정(디에노게스트(미분화))_(56mg/28정),648507810,신풍제약(주),백제약품(주)영등포지점,0,9,"28,895","260,055"
록소날정(록소프로펜나트륨)_(60mg/1정),648100560,경동제약(주),지오영네트웍스(주),0,63,125,"7,875"
록소디펜정(록소프로펜나트륨수화물)_(68.1mg/1정),693900370,(주)셀트리온제약,복산나이스,0,44,114,"5,016"
록소펜정60밀리그램(록소프로펜나트륨수화물)_(68.1mg/1정),651200360,삼천당제약(주),백제약품(주)영등포지점,0,38,125,"4,750"
록솔씨시럽_(1000mL),645700301,삼아제약(주),지오영네트웍스(주),0,964,13,"12,532"
록펜정(록소프로펜나트륨)_(60mg/1정),646000510,(주)메디카코리아,백제약품(주)영등포지점,0,52,125,"6,500"
루파핀정(루파타딘푸마르산염)_(12.8mg/1정),650204770,안국약품(주),복산나이스,0,31,279,"8,649"
리노벤트비액(이프라트로퓸브롬화물수화물)_(4.6965mg/15mL),645300461,한림제약(주),복산나이스,0,2,"2,882","5,764"
리노에바스텔캡슐_(1캡슐),641900460,(주)보령,백제약품(주)영등포지점,0,40,300,"12,000"
리바로정2밀리그램(피타바스타틴칼슘)_(2mg/1정),644900800,제이더블유중외제약(주),백제약품(주)영등포지점,0,20,548,"10,960"
리비알정(티볼론)_(2.5mg/1정),73100370,한국오가논(주),복산나이스,0,190,223,"42,370"
리포직점안겔(카보머),664400030,바슈롬싸우스아시아인크(영업소),백제약품(주)영등포지점,0,13,"3,800","49,400"
리포직점안겔(카보머),664400031,바슈롬싸우스아시아인크(영업소),지오영네트웍스(주),0,27,"3,300","89,100"
리프레쉬플러스점안액0.5%(카르복시메틸셀룰로오스나트륨)(1회용)_(2mg/0.4mL),624900541,한국애브비(주),백제약품(주)영등포지점,0,90,146,"13,140"
리프레쉬플러스점안액0.5%(카르복시메틸셀룰로오스나트륨)_(2mg/0.4mL),679400121,한국엘러간(주),지오영네트웍스(주),0,300,146,"43,800"
마그밀정(수산화마그네슘)_(0.5g/1정),653700240,삼남제약(주),백제약품(주)영등포지점,0,469.5,18,"8,451"
마이믹스정_(1정),670606530,(주)휴온스,백제약품(주)영등포지점,0,70,"13,200","924,000"
마이토닌정25밀리그램(베타네콜염화물)_(25mg/1정),652603680,알보젠코리아(주),백제약품(주)영등포지점,0,45,205,"9,225"
마이트라캡슐(이트라코나졸)_(0.1g/1캡슐),671700370,주식회사제뉴원사이언스,백제약품(주)영등포지점,0,22,"1,078","23,716"
마이페시아정,671700380,주식회사 제뉴원사이언스,복산나이스,0,90,963,"86,670"
맥시덱스안연고(덱사메타손)_(3.5mg/3.5g),653603151,한국노바티스(주),복산나이스,0,48,"2,165","103,920"
맥시부펜이알정300밀리그램(덱시부프로펜)_(0.3g/1정),643500810,한미약품(주),백제약품(주)영등포지점,0,48,111,"5,328"
맥시펜시럽(덱시부프로펜)_(6g/500mL),650302721,진양제약(주),백제약품(주)영등포지점,0,428,24,"10,272"
맥페란정(메토클로프라미드)_(3.84mg/1정),642701320,동화약품(주),백제약품(주)영등포지점,0,182,49,"8,918"
메가에스틴정(에피나스틴염산염)_(10mg/1정),60500110,(주)엘앤씨바이오,복산나이스,0,247,457,"112,879"
메네스에스정(베타히스틴염산염)_(16mg/1정),657306780,(주)동구바이오제약,(주)훼밀리팜,0,"1,710.00",45,"76,950"
메녹틸정40밀리그램(옥틸로늄브롬화물)_(40mg/1정),642701380,동화약품(주),백제약품(주)영등포지점,0,60,173,"10,380"
"메디락디에스장용캡슐(바실루스서브틸리스균,엔테로코쿠스페슘균배양물)_(0.25g/1캡슐)",643500900,한미약품(주),백제약품(주)영등포지점,0,156,96,"14,976"
"메디락에스장용캡슐(바실루스서브틸리스균,엔테로코쿠스페슘균배양물)_(0.125g/1캡슐)",643500930,한미약품(주),백제약품(주)영등포지점,0,96,70,"6,720"
메디크라정625밀리그램(아목시실린클라불란산칼륨(4:1))_(1정),646004220,(주)메디카코리아,백제약품(주)영등포지점,0,58,483,"28,014"
메로겔(메트로니다졸)(수출명:MINROGE)_(37.5mg/5g),653103391,(주)비씨월드제약,복산나이스,0,10,"1,254","12,540"
메섹신정(메틸올세팔렉신리시네이트)_(0.5g/1정),645300530,한림제약(주),백제약품(주)영등포지점,0,21,647,"13,587"
메수리드정(니메술리드)_(0.1g/1정),644902540,제이더블유중외제약(주),백제약품(주)영등포지점,0,100,138,"13,800"
메톨론점안액(플루오로메톨론)_(6mg/6mL),665506742,한국유니온제약(주),백제약품(주)영등포지점,0,2,"2,122","4,244"
메프친정(프로카테롤염산염수화물)_(50μg/1정),649900040,한국오츠카제약(주),백제약품(주)영등포지점,0,112.5,129,"14,512.50"
메피솔론정(메틸프레드니솔론)_(4mg/1정),653404250,동국제약(주),복산나이스,0,"2,660.50",83,"220,821.67"
멜린지에스캡슐,698003481,콜마파마(주),복산나이스,0,72,241,"17,328"
명문글리코피롤레이트정_(1mg/1정),649800810,명문제약(주),백제약품(주)영등포지점,0,784,70,"54,880"
명문니트로글리세린0.6밀리그램설하정_(0.6mg/1정),649800850,명문제약(주),백제약품(주)영등포지점,0,90,41,"3,690"
명문아모클란네오시럽(아목시실린-클라불란산칼륨14:1)_(50mL),649807541,명문제약(주),지오영네트웍스(주),0,50,103,"5,150"
모나스타정1밀리그램,644900974,제이더블유중외제약(주),복산나이스,0,269,525,"141,284.78"
모누롤산(포스포마이신트로메탐올)_(7.984g/8g),659900061,(주)한국팜비오,백제약품(주)영등포지점,0,3,"5,454","16,362"
모메손크림(모메타손푸로에이트)_(30mg/30g),654301133,오스틴제약(주),백제약품(주)영등포지점,0,2,"5,790","11,580"
모메탄크림(모메타손푸로에이트)_(15mg/15g),645208741,(주)에이프로젠바이오로직스,(주)훼밀리팜,0,16,"2,895","46,320"
모멘타크림(모메타손푸로에이트)_(20mg/20g),57001442,주식회사더유제약,복산나이스,0,3,"3,860","11,580"
모모페시아정1밀리그램,57000171,주식회사 더유제약,복산나이스,0,90,607,"54,600"
모벨록신정400밀리그램(목시플록사신염산염)_(0.4368g/1정),640006650,에이치케이이노엔(주),백제약품(주)영등포지점,0,33,"2,051","67,683"
모사잘정5밀리그램(모사프리드시트르산염수화물)_(5.29mg/1정),643503470,한미약품(주),(주)훼밀리팜,0,658,103,"67,774"
모사티딘정(모사프리드시트르산염수화물)_(5.29mg/1정),665501100,한국유니온제약(주),백제약품(주)영등포지점,0,8,103,824
모사프리엠정(모사프리드시트르산염수화물)_(5.29mg/1정),622803730,(주)마더스제약,복산나이스,0,57,103,"5,871"
"모티리톤정_(현호색견우자(5:1)50%에탄올연조엑스(9.5~11.5→1),30mg/1정)",642506570,동아에스티(주),백제약품(주)영등포지점,0,89,141,"12,549"
"몬테리진캡슐(몬테루카스트,레보세티리진)_(1캡슐)",643507760,한미약품(주),백제약품(주)영등포지점,0,90,886,"79,740"
뮤테란캡슐200밀리그램(아세틸시스테인)_(0.2g/1캡슐),651600300,한화제약(주),백제약품(주)영등포지점,0,417,77,"32,109"
미노씬캡슐50mg(미노사이클린염산염)_(50mg/1캡슐),644700590,에스케이케미칼(주),지오영네트웍스(주),0,"1,054.00",178,"187,612"
미라벡서방정50밀리그램(미라베그론)_(50mg/1정),643508220,한미약품(주),복산나이스,0,106,381,"40,386"
바넥신정80밀리그램(은행엽엑스)_(80mg/1정),697100680,(주)한국피엠지제약,백제약품(주)영등포지점,0,368,185,"68,080"
바메딘정(레바미피드)_(0.1g/1정),647800630,삼진제약(주),백제약품(주)영등포지점,0,82,103,"8,446"
바이독시정(독시사이클린수화물)_(0.1g/1정),646004030,(주)메디카코리아,백제약품(주)영등포지점,0,105,188,"19,740"
바이버크림(아시클로버)_(0.25g/5g),643501121,한미약품(주),백제약품(주)영등포지점,0,12,"1,191","14,292"
바이오탑디캡슐,655605060,한올바이오파마(주),백제약품(주)영등포지점,0,52,193,"10,053.16"
박테로신연고(무피로신)(수출명:KMMUPIROCINOint)_(0.3g/15g),671700483,주식회사제뉴원사이언스,(주)훼밀리팜,0,10,"2,146","21,460"
발라시정(발라시클로비르염산염)_(0.556g/1정),663603150,한국프라임제약(주),백제약품(주)영등포지점,0,60,"1,396","83,760"
발무드겔(테르비나핀)_(0.2g/20g),657301832,(주)동구바이오제약,백제약품(주)영등포지점,0,2,"4,620","9,240"
발트란정500mg(발라시클로비르염산염)_(0.556g/1정),698502480,(주)테라젠이텍스,복산나이스,0,78,"1,187","92,586"
발트렉스정500밀리그램(발라시클로비르염산염)_(0.556g/1정),650000400,(주)글락소스미스클라인,지오영네트웍스(주),0,11,"1,360","14,960"
발트발라정(발라시클로비르염산염)_(0.556g/1정),642004590,현대약품(주),백제약품(주)영등포지점,0,74,"1,187","87,838"
베노론캅셀<디오스민>_(0.3g/1캡슐),655600770,한올바이오파마(주),백제약품(주)영등포지점,0,992,162,"160,704"
베니톨정(미세정제플라보노이드분획물)_(0.5g/1정),641801640,광동제약(주),백제약품(주)영등포지점,0,163,206,"33,578"
베루말액,642501990,동아에스티(주),백제약품(주)영등포지점,0,3,"14,333","43,000"
베스듀오정20/800밀리그램_(1정),644103410,제이더블유신약(주),백제약품(주)영등포지점,0,35,612,"21,420"
베스티딘정40밀리그램(파모티딘)_(40mg/1정),644103510,제이더블유신약,백제약품(주)영등포지점,0,30,239,"7,170"
베시케어정5밀리그램(솔리페나신숙신산염)_(5mg/1정),677200070,한국아스텔라스제약(주),백제약품(주)영등포지점,0,117,515,"60,255"
베아로반연고(무피로신)_(0.2g/10g),655604981,한올바이오파마(주),백제약품(주)영등포지점,0,64,"1,416","90,624"
베아로신서방캡슐0.2밀리그램(탐스로신염산염)_(0.2mg/1캡슐),694000440,대웅바이오(주),백제약품(주)영등포지점,0,30,418,"12,540"
베아비오캡슐(바실루스리케니포르미스균)_(0.25g/1캡슐),694000650,대웅바이오(주),백제약품(주)영등포지점,0,30,127,"3,810"
베아오플안연고(오플록사신)_(15mg/5g),694000891,대웅바이오(주),백제약품(주)영등포지점,0,2,"3,489","6,978"
베아제정,641601460,대웅제약,복산나이스,0,-2,229,-458
베타미가서방정25밀리그램(미라베그론)_(25mg/1정),677200250,한국아스텔라스제약(주),지오영네트웍스(주),0,106,240,"25,440"
베타미가서방정50밀리그램(미라베그론)_(50mg/1정),677200240,한국아스텔라스제약(주),복산나이스,0,38,360,"13,680"
베포스타비정(베포타스틴베실산염)_(10mg/1정),671806480,대원제약(주),지오영네트웍스(주),0,"2,229.00",148,"329,892"
베포스타서방정(베포타스틴살리실산염)_(19.28mg/1정),671806650,대원제약(주),복산나이스,0,559,326,"182,234"
베포탄정(베포타스틴살리실산염)_(9.64mg/1정),653402760,동국제약(주),백제약품(주)영등포지점,0,13,148,"1,924"
베포텍정(베포타스틴베실산염)_(10mg/1정),57600500,대원바이오텍주식회사,백제약품(주)영등포지점,0,82,126,"10,332"
벤토린에보할러(살부타몰황산염)_(32.134mg/200회),650000471,(주)글락소스미스클라인,백제약품(주)영등포지점,0,4,"2,962","11,848.30"
보나링에이정(디멘히드리네이트)_(50mg/1정),641700560,일양약품(주),(주)훼밀리팜,0,"2,013.50",30,"60,405"
보령듀리세프캡슐500밀리그램(세파드록실수화물)_(0.5g/1캡슐),641901130,(주)보령,지오영네트웍스(주),0,21,255,"5,355"
보령메이액트정100밀리그램(세프디토렌피복실)_(0.1g/1정),641901220,(주)보령,(주)보령컨슈머,0,129,551,"71,079"
보령에바스텔정(에바스틴)_(10mg/1정),641901530,(주)보령,백제약품(주)영등포지점,0,116,257,"29,812"
볼그레캡슐(철-아세틸트랜스페린)_(0.2g/1캡슐),643301010,(주)종근당,지오영네트웍스(주),0,30,347,"10,410"
부광메티마졸정_(5mg/1정),642200680,부광약품(주),백제약품(주)영등포지점,0,432,39,"16,848"
부광메티마졸정2.5밀리그램_(2.5mg/1정),642204520,부광약품(주),백제약품(주)영등포지점,0,95,26,"2,470"
부루펜정200밀리그램(이부프로펜)_(0.2g/1정),643900470,삼일제약(주),백제약품(주)영등포지점,0,470.5,34,"15,997"
부스코판당의정(부틸스코폴라민브롬화물)_(10mg/1정),74200070,오펠라헬스케어코리아(주),백제약품(주)영등포지점,0,419,44,"18,436"
부스코판당의정(브롬화부틸스코폴라민)_(10mg/1정),652001010,(주)사노피-아벤티스코리아,지오영네트웍스(주),0,500,44,"22,000"
브론키움정(펠라고니움시도이데스11%에탄올추출물(1→8~10))_(1.53846g/1정),669804630,구주제약(주),지오영네트웍스(주),0,3,252,756
비드레바서방정150밀리그램(레바미피드)_(0.15g/1정),671807220,대원제약(주),(주)훼밀리팜,0,396,170,"67,320"
비스비캡슐(포도엽엑스)_(0.18g/1캡슐),621802140,(주)한국파비스제약,지오영네트웍스(주),0,70,251,"17,570"
비아그라정100밀리그람,73400011,비아트리스코리아(주),백제약품(주)영등포지점,0,10,"12,500","125,000"
비엠레보설피리드정(레보설피리드)_(25mg/1정),654801730,(주)한국비엠아이,쏘팜 주식회사,0,"1,779.50",119,"211,760.50"
비오메틱스산(바실루스리케니포르미스균)_(75g/300g),669804751,구주제약(주),백제약품(주)영등포지점,0,290,151,"43,790"
비유피-4정10밀리그램(프로피베린염산염)_(10mg/1정),645400470,제일약품(주),지오영네트웍스(주),0,20,422,"8,440"
비유피-4정20밀리그램(프로피베린염산염)_(20mg/1정),645400480,제일약품(주),백제약품(주)영등포지점,0,29,573,"16,617"
비잔정(디에노게스트)_(56mg/28정),641105700,바이엘코리아(주),지오영네트웍스(주),0,447,"1,032","461,431.74"
비판텐연고(덱스판테놀)_(1.5g/30g),641100101,바이엘코리아(주),지오영네트웍스(주),0,1,"8,600","8,600"
산디문뉴오랄연질캡슐25밀리그램(사이클로스포린)_(25mg/1캡슐),653600550,한국노바티스(주),지오영네트웍스(주),0,250,946,"236,500"
산텐가리유니점안액(피레녹신)_(0.25mg/5mL),665600211,한국산텐제약(주),지오영네트웍스(주),0,2,480,960
산텐히아레인0.1점안액(히알루론산나트륨)_(5mg/5mL),665600201,한국산텐제약(주),백제약품(주)영등포지점,0,3,"2,109","6,327"
삼남로페라마이드캡슐(로페라미드염산염)_(2mg/1캡슐),653700440,삼남제약(주),,0,338,30,"10,140"
삼남아세트아미노펜정500밀리그람_(0.5g/1정),653700520,삼남제약(주),지오영네트웍스(주),0,50,1000,"25,715"
삼성브로멜라인장용정_(0.1g/1정),642308190,삼성제약(주),(주)훼밀리팜,0,"1,080.00",67,"72,360"
삼성시플로프록사신정(시프로플록사신염산염수화물)_(0.291g/1정),642301630,삼성제약(주),백제약품(주)영등포지점,0,120,427,"51,240"
삼아리도멕스로션(프레드니솔론발레로아세테이트)_(0.18g/60g),645700552,삼아제약(주),(주)훼밀리팜,0,4,"8,139","32,556"
삼아리도멕스크림(프레드니솔론발레로아세테이트)_(60mg/20g),645700564,삼아제약(주),(주)훼밀리팜,0,19,"1,916","36,404"
삼아리도멕스크림0.15%,ZP00001870,삼아제약(주),백제약품(주)영등포지점,0,20,"3,000","60,000"
삼아리도스타로션(프레드니카르베이트)_(50mg/20g),645702501,삼아제약(주),백제약품(주)영등포지점,0,1,"3,380","3,380"
삼아탄툼액(벤지다민염산염)_(0.15g/100mL),645700791,삼아제약(주),백제약품(주)영등포지점,0,53,"1,311","69,483"
서카딘서방정2mg,646802660,건일제약(주),백제약품(주)영등포지점,0,60,950,"57,000"
서카토닌서방정2밀리그램,642906500,일동제약(주),복산나이스,0,80,433,"34,640"
성광관장약,657400130,성광제약(주),백제약품(주)영등포지점,0,10,300,"3,000"
"성광관장약_(농글리세린,15g/30mL)",657400132,(주)퍼슨,복산나이스,0,50,250,"12,500"
성광리도아가아제,657400150,(주)퍼슨,백제약품(주)영등포지점,0,6,"1,267","7,600"
성광알파헥시딘5%액(글루콘산클로르헥시딘액),657400190,(주)퍼슨,지오영네트웍스(주),0,"3,502.00","5,000","17,510,000"
성광칼라민로오션,A03900711,성광제약,복산나이스,0,450,13,"5,791.50"
세네트정(세푸록심악세틸)_(0.30072g/1정),658604060,이연제약(주),쏘팜 주식회사,0,660,541,"357,060"
세록펜정(록소프로펜나트륨수화물)_(68.1mg/1정),665501480,한국유니온제약(주),백제약품(주)영등포지점,0,48,125,"6,000"
세브론과립(아세틸시스테인)_(20g/100g),652903791,(주)서울제약,백제약품(주)영등포지점,0,241,90,"21,689.92"
"세브론시럽(아세틸시스테인)(수출명:뮤시스틴시럽,스파탐시럽)_(10g/500mL)",652900911,(주)서울제약,복산나이스,0,"3,073.00",17,"52,241"
세브론에이시럽_(500mL),652900921,(주)서울제약,지오영네트웍스(주),0,407,14,"5,698"
세브론캡슐(아세틸시스테인)_(0.2g/1캡슐),652900940,(주)서울제약,복산나이스,0,"7,470.50",75,"560,287.50"
세실프로건조시럽125mg/5mL(세프프로질수화물)_(1.5g/60mL),644100351,제이더블유신약(주),백제약품(주)영등포지점,0,120,76,"9,120"
세카론정(아플로쿠알론)_(20mg/1정),647801200,삼진제약(주),백제약품(주)영등포지점,0,114,151,"17,214"
세크라캡슐250밀리그램(세파클러수화물)_(0.25g/1캡슐),649506200,유니메드제약(주),백제약품(주)영등포지점,0,97,372,"36,084"
세클러MR서방정375밀리그램(세파클러수화물)_(0.375g/1정),671700550,주식회사제뉴원사이언스,백제약품(주)영등포지점,0,74,507,"37,518"
세티레인캡슐200mg(아세틸시스테인)_(0.2g/1캡슐),644603260,조아제약(주),지오영네트웍스(주),0,8,81,648
세파클린캅셀(세파클러수화물)_(0.25g/1캡슐),648101060,경동제약(주),복산나이스,0,63,438,"27,594"
세포독심건조시럽(세프포독심프록세틸)_(2g/200mL),643506541,한미약품(주),온라인팜-전문,0,600,104,"62,400"
세프다나캡슐100밀리그램(세프디니르일수화물)_(0.1g/1캡슐),694000250,대웅바이오(주),백제약품(주)영등포지점,0,30,471,"14,130"
셀레베타서방정50밀리그램(미라베그론)_(50mg/1정),643308510,(주)종근당,백제약품(주)영등포지점,0,90,381,"34,290"
셀레지온정(에피나스틴염산염)_(10mg/1정),693902410,(주)셀트리온제약,복산나이스,0,116,388,"45,008"
셀벡스캡슐(테프레논)_(50mg/1캡슐),642204150,부광약품(주),백제약품(주)영등포지점,0,117,89,"10,413"
셀카민정(펠라고니움시도이데스11%에탄올건조엑스(5.5~6.6→1))_(20mg/1정),693902710,(주)셀트리온제약,백제약품(주)영등포지점,0,402,214,"86,028"
셀트리온트리메부틴말레산염정_(0.2g/1정),693900120,(주)셀트리온제약,백제약품(주)영등포지점,0,30,99,"2,970"
셉트린정_(1정),643900680,삼일제약(주),복산나이스,0,647,61,"39,467"
소론도정(프레드니솔론)_(5mg/1정),642105020,(주)유한양행,백제약품(주)영등포지점,0,221.5,16,"3,544"
소말겐정(탈니플루메이트)_(0.37g/1정),652600250,알보젠코리아(주),복산나이스,0,153,159,"24,327"
소멕스정(칼리디노게나제)_(50I.U/1정),693900070,(주)셀트리온제약,(주)훼밀리팜,0,357,192,"68,544"
수란트라크림1% 15g,655700331,갈더마코리아(주),(주)훼밀리팜,0,2,"37,000","74,000"
수란트라크림1% 30g,655700332,갈더마코리아(주),복산나이스,0,1,"52,850","52,850"
슈그란정50mg(수마트립탄숙신산염)_(70mg/1정),658601350,이연제약(주),(주)훼밀리팜,0,30,"3,301","99,030"
슈다페드정(슈도에페드린염산염)_(60mg/1정),643900710,삼일제약(주),백제약품(주)영등포지점,0,"1,008.80",32,"32,281.60"
슈다펜정(수도에페드린염산염)_(60mg/1정),645700960,삼아제약(주),메디컬진약국,0,641.5,30,"19,244.99"
스멕타현탁액(디옥타헤드랄스멕타이트)_(3g/20mL),641601641,(주)대웅제약,서울약사신협,0,11,278,"3,058"
스무스케어로션2.5%(히드로코르티손)_(0.75g/30g),671700621,주식회사제뉴원사이언스,백제약품(주)영등포지점,0,1,"4,110","4,110"
스카테론정(피나스테리드)_(5mg/1정),646001510,(주)메디카코리아,복산나이스,0,115,622,"71,530"
스타빅현탁액(디옥타헤드랄스멕타이트)_(3g/20mL),641607171,(주)대웅제약,(주)대웅제약,0,127,278,"35,306"
스토가정10밀리그램(라푸티딘)_(10mg/1정),641902670,(주)보령,백제약품(주)영등포지점,0,88.5,153,"13,540.50"
스토마정(애엽95%에탄올연조엑스(20→1))_(60mg/1정),693900190,(주)셀트리온제약,백제약품(주)영등포지점,0,49,105,"5,145"
스토엠투엑스정(애엽95%에탄올연조엑스(20→1))_(90mg/1정),622804240,(주)마더스제약,백제약품(주)영등포지점,0,112,191,"21,392"
스토푸정10밀리그램(라푸티딘)_(10mg/1정),643104940,(주)바이넥스,백제약품(주)영등포지점,0,64,155,"9,920"
스티렌정(애엽95%에탄올연조엑스(20→1))_(60mg/1정),642502290,동아에스티(주),백제약품(주)영등포지점,0,59,111,"6,549"
스틸녹스정10밀리그램(졸피뎀타르타르산염)_(10mg/1정),652100640,(주)한독,백제약품(주)영등포지점,0,69,173,"11,937"
"스파졸캡슐(이트라코나졸)(수출명:IconazoleCaps.100mg,KupitralCaps.100mg)_(0.1g/1캡슐)",644301820,한국유나이티드제약(주),지오영네트웍스(주),0,81,"1,197","96,957"
슬린다정4밀리그램,642005301,현대약품(주),백제약품(주)영등포지점,0,84,905,"76,020"
시네츄라시럽_(15mL),650203656,안국약품(주),(주)훼밀리팜,0,691,280,"193,480"
시푸로신정(시프로플록사신염산염수화물)_(0.291g/1정),658603020,이연제약(주),쏘팜 주식회사,0,4,444,"1,776"
신일슈도에페드린정(슈도에페드린염산염)_(60mg/1정),653801310,신일제약(주),지오영네트웍스(주),0,"8,708.50",29,"252,546.50"
신일폴산정_(1mg/1정),653801510,신일제약(주),지오영네트웍스(주),0,910,13,"11,830"
신풍겐타마이신황산염크림_(0.25g/250g),648502446,신풍제약(주),백제약품(주)영등포지점,0,2.2,"9,639","21,205.80"
실크론지크림_(15g),645901954,동광제약(주),백제약품(주)영등포지점,0,27,615,"16,605"
실크론지크림_(500g),645901952,동광제약(주),백제약품(주)영등포지점,0,0.5,"19,499","9,749.50"
심비코트터부헬러160/4.5마이크로그램_(120회),650700271,한국아스트라제네카(주),백제약품(주)영등포지점,0,2,"27,984","55,968"
싱규루카정10mg(몬테루카스트나트륨)_(10.4mg/1정),671806180,대원제약(주),복산나이스,0,384,658,"252,672"
싱규루카츄정4mg(몬테루카스트나트륨)_(4.16mg/1정),671806230,대원제약(주),백제약품(주)영등포지점,0,28,591,"16,548"
싱규루카츄정5mg(몬테루카스트나트륨)_(5.2mg/1정),671806190,대원제약(주),백제약품(주)영등포지점,0,38,658,"25,004"
싸리움캡슐(플루나리진염산염)_(5.9mg/1캡슐),649100550,한국휴텍스제약(주),지오영네트웍스(주),0,146,154,"22,484"
싸이토텍정200마이크로그람(미소프로스톨)_(0.2mg/1정),648900540,한국화이자제약(주),백제약품(주)영등포지점,0,72,166,"11,952"
싸이프로정(시프로플록사신염산염)_(0.291g/1정),643200590,동성제약(주),백제약품(주)영등포지점,0,186,522,"97,092"
써모펜 에스정,655904290,알보젠코리아(주),,0,30,110,"3,300"
써모펜에스정,652603960,알보젠코리아(주),백제약품(주)영등포지점,0,133,"6,900","917,700"
쎄레브렉스캡슐100밀리그램(세레콕시브)_(0.1g/1캡슐),648900550,한국화이자제약(주),백제약품(주)영등포지점,0,7,331,"2,317"
쎄브렉스캡슐100밀리그램(세레콕시브)_(0.1g/1캡슐),650304040,진양제약(주),지오영네트웍스(주),0,847,347,"293,909"
쎄브렉스캡슐200밀리그램(세레콕시브)_(0.2g/1캡슐),650303280,진양제약(주),지오영네트웍스(주),0,34,521,"17,714"
쏘메토320밀리그램연질캡슐(세레노아레펜스리피도스테롤추출물)_(0.32g/1캡슐),659900100,(주)한국팜비오,지오영네트웍스(주),0,90,342,"30,780"
씨메트정(시메티딘)_(0.2g/1정),698002340,(주)제뉴파마,백제약품(주)영등포지점,0,500,69,"34,500"
씨베리움캡슐(플루나리진염산염)_(5.9mg/1캡슐),646902590,(주)한국얀센,지오영네트웍스(주),0,88,153,"13,464"
씨잘정5밀리그램(레보세티리진염산염)_(5mg/1정),654100060,한국유씨비제약(주),백제약품(주)영등포지점,0,143,208,"29,744"
씨트로신서방정0.2밀리그램(탐스로신염산염)_(0.2mg/1정),647303060,에이치엘비제약(주),복산나이스,0,60,465,"27,900"
씨트클러캡슐250밀리그램(세파클러수화물)_(0.25g/1캡슐),647300790,에이치엘비제약(주),백제약품(주)영등포지점,0,40,438,"17,520"
씨플록정250mg(시프로플록사신염산염수화물)_(0.291g/1정),628900970,(주)이든파마,복산나이스,0,324,444,"143,856"
"아기오과립_(아기오쿨원료과립[차전자(PlantagoSeed:USP)3.9g,차전자피(IspaghulaHusk:BP)0.13g],4.08g/6g)",642201371,부광약품(주),지오영네트웍스(주),0,33,144,"4,752"
아나프록스정(나프록센나트륨)_(0.275g/1정),643301620,(주)종근당,백제약품(주)영등포지점,0,278,115,"31,970"
아노로62.5엘립타_(30회),650002960,(주)글락소스미스클라인,백제약품(주)영등포지점,0,4,"45,563","182,252"
아드반탄연고(메틸프레드니솔론아세포네이트)_(15mg/15g),626700171,레오파마(유),복산나이스,0,1,"2,403","2,403"
아드반탄크림(메틸프레드니솔론아세포네이트)_(15mg/15g),626700161,레오파마(유),백제약품(주)영등포지점,0,2,"2,403","4,806"
아디팜정(히드록시진염산염)_(10mg/1정),644801160,태극제약(주),백제약품(주)영등포지점,0,821.5,16,"13,144"
아로베스트정(아플로쿠알론)_(20mg/1정),640002790,에이치케이이노엔(주),백제약품(주)영등포지점,0,93,151,"14,043"
아론정(독시라민숙신산염),656000690,알리코제약(주),백제약품(주)영등포지점,0,5,550,"2,750"
아르시딘에프정(애엽95%에탄올연조엑스(20→1))_(90mg/1정),670104320,(주)팜젠사이언스,(주)훼밀리팜,0,240,174,"41,760"
아목클란듀오정500밀리그램(아목시실린:클라불란산칼륨(7:1))_(1정),643501660,한미약품(주),백제약품(주)영등포지점,0,149,321,"47,829"
아미세타정325밀리그람(아세트아미노펜제피세립)_(0.325g/1정),670601430,(주)휴온스,백제약품(주)영등포지점,0,"5,808.00",29,"168,432"
아바미스나잘스프레이(미분화플루티카손푸로에이트)_(3.3mg/120회),650001831,(주)글락소스미스클라인,지오영네트웍스(주),0,2,"11,358","22,716"
아보다트연질캡슐0.5밀리그램(두타스테리드)_(0.5mg/1캡슐),650000780,(주)글락소스미스클라인,복산나이스,0,180,709,"127,620"
아세타졸정(아세타졸아미드)_(0.25g/1정),645304940,한림제약(주),백제약품(주)영등포지점,0,71,147,"10,437"
아섹정100밀리그램(아세클로페낙)_(0.1g/1정),643501740,한미약품(주),복산나이스,0,62,188,"11,656"
아스피린프로텍트정100밀리그람_(0.1g/1정),641100270,바이엘코리아(주),백제약품(주)영등포지점,0,144,77,"11,088"
아이레인프리점안액0.18%(히알루론산나트륨)(1회용)_(0.81mg/0.45mL),698003651,(주)제뉴파마,백제약품(주)영등포지점,0,120,259,"31,080"
아이메토론점안액0.1%(플루오로메톨론)_(5mg/5mL),698002482,(주)제뉴파마,백제약품(주)영등포지점,0,1,"1,768","1,768"
아이포레점안액(트레할로스수화물)(1회용),698003561,콜마파마(주),(주)녹십자,0,"3,000.00",120,"360,030.01"
아크닌액,646001760,(주)메디카코리아,복산나이스,0,4,"7,514","30,056"
아크리프크림0.005% 30g,655700361,갈더마코리아(주),복산나이스,0,1,"40,610","40,610"
아크리프크림0.005% 75g,655700351,갈더마코리아(주),복산나이스,0,1,"65,760","65,760"
아클펜정(아세클로페낙)_(0.1g/1정),698500220,(주)테라젠이텍스,(주)훼밀리팜,0,82,188,"15,416"
아토젯정10/10밀리그램_(1정),73100410,한국오가논(주),(주)훼밀리팜,0,1,951,951
아트로반정(아토르바스타틴칼슘)_(10.85mg/1정),648101430,경동제약(주),(주)훼밀리팜,0,90,610,"54,900"
아페린정,670601520,(주)휴온스,백제약품(주)영등포지점,0,18,"8,430","151,740"
안국레바미피드정(레바미피드)_(0.1g/1정),650201130,안국약품(주),복산나이스,0,74.5,103,"7,673.50"
안국록소프로펜나트륨정_(60mg/1정),650201160,안국약품(주),백제약품(주)영등포지점,0,32,106,"3,392"
안젤릭정_(28정),641100700,바이엘코리아(주),복산나이스,0,"1,113.00",371,"413,121.74"
알다라크림(이미퀴모드)_(12.5mg/1포),642502512,동아에스티(주),복산나이스,0,12,"6,190","74,280"
알러딘정(펙소페나딘염산염)_(0.12g/1정),670604370,(주)휴온스,지오영네트웍스(주),0,75,226,"16,950"
알러잘액(레보세티리진염산염)_(50mg/100mL),652902271,(주)서울제약,백제약품(주)영등포지점,0,536,40,"21,440"
알러잘정(레보세티리진염산염)_(5mg/1정),652902260,(주)서울제약,백제약품(주)영등포지점,0,449.5,179,"80,460.50"
알러콘점안액(케토티펜푸마르산염)_(3.45mg/5mL),643501771,한미약품(주),복산나이스,0,3,"3,358","10,074"
알레그라정120밀리그람(펙소페나딘염산염)_(0.12g/1정),652100960,(주)한독,백제약품(주)영등포지점,0,118,221,"26,078"
알레그라정180밀리그람(펙소페나딘염산염)_(0.18g/1정),652100970,(주)한독,백제약품(주)영등포지점,0,"1,183.00",310,"366,730"
알레나온정20mg(에피나스틴염산염)_(20mg/1정),641606810,(주)대웅제약,백제약품(주)영등포지점,0,53,583,"30,899"
알레락정5㎎(염산올로파타딘)_(5mg/1정),666300300,한국쿄와기린(주),백제약품(주)영등포지점,0,44,153,"6,732"
알레리온정(에피나스틴염산염)_(10mg/1정),698002680,(주)제뉴파마,백제약품(주)영등포지점,0,178,457,"81,346"
알레린정(레보세티리진염산염)_(5mg/1정),671702230,주식회사제뉴원사이언스,복산나이스,0,167.5,210,"35,175"
알레스틴정(에피나스틴염산염)_(10mg/1정),657302650,(주)동구바이오제약,백제약품(주)영등포지점,0,104,457,"47,528"
알룬정,670604550,(주)휴온스,,0,270,230,"62,100"
알마겔에프현탁액(알마게이트)_(1.5g/15mL),642101071,(주)유한양행,백제약품(주)영등포지점,0,272,106,"28,832"
알마겔정(알마게이트)(수출명:유한가스트라겔정)_(0.5g/1정),642101080,(주)유한양행,지오영네트웍스(주),0,"1,495.50",55,"82,252.50"
알마겔현탁액(알마게이트)(수출명:유만겔현탁액)_(0.999g/15mL),642101091,(주)유한양행,백제약품(주)영등포지점,0,100,76,"7,600"
알베릭스연질캡슐_(1캡슐),642201500,부광약품(주),백제약품(주)영등포지점,0,108,80,"8,640"
알지캄액(알긴산나트륨)_(1g/20mL),671806671,대원제약(주),백제약품(주)영등포지점,0,65,187,"12,155"
알파간피점안액0.15%(브리모니딘타르타르산염)_(7.5mg/5mL),624900511,한국애브비(주),백제약품(주)영등포지점,0,1,"8,134","8,134"
암브로콜시럽_(500mL),643501833,한미약품(주),온라인팜-전문,0,"2,500.00",15,"37,500"
"암브로콜정(암브록솔,클렌부테롤)_(1정)",643501840,한미약품(주),온라인팜-전문,0,"1,515.50",70,"106,085"
암펙솔정(암브록솔염산염)_(30mg/1정),649100710,한국휴텍스제약(주),지오영네트웍스(주),0,"2,391.00",33,"78,903.05"
암포젤정(건조수산화알루미늄겔)_(0.392g/1정),642901280,일동제약(주),복산나이스,0,19,30,570
애니코프캡슐300밀리그램(테오브로민)_(0.3g/1캡슐),650202970,안국약품(주),복산나이스,0,44,102,"4,488"
애니펜정150밀리그람(덱시부프로펜)_(0.15g/1정),650201710,안국약품(주),백제약품(주)영등포지점,0,30,70,"2,100"
애니펜정400밀리그램(덱시부프로펜)_(0.4g/1정),650204900,안국약품(주),백제약품(주)영등포지점,0,"3,485.00",131,"456,535"
액사딘캡슐150㎎(니자티딘)(수출명:비액사딘캡슐150밀리그람)_(0.15g/1캡슐),643701730,국제약품(주),(주)훼밀리팜,0,151,351,"53,001"
액사티드캡슐(니자티딘)_(0.15g/1캡슐),652901240,(주)서울제약,백제약품(주)영등포지점,0,133,353,"46,949"
야로즈정,642004800,현대약품(주),복산나이스,0,400,514,"205,428.56"
야스민정,641100710,바이엘코리아(주),백제약품(주)영등포지점,0,11,667,"7,333.33"
야즈정,641104750,바이엘코리아(주),복산나이스,0,565,661,"373,303.58"
에나지온정10밀리그램(에피나스틴염산염)_(10mg/1정),670608780,(주)휴온스,백제약품(주)영등포지점,0,331,388,"128,428"
에르페시버크림(아시클로버)_(0.25g/5g),678600761,(주)다산제약,백제약품(주)영등포지점,0,1,"4,077","4,077"
에브젯정10/20밀리그램_(1정),628901960,(주)이든파마,(주)훼밀리팜,0,6,808,"4,848"
에소듀오에스정20/700밀리그램_(1정),643309320,(주)종근당,백제약품(주)영등포지점,0,35,720,"25,200"
에소메졸디알서방캡슐10밀리그램(에스오메프라졸마그네슘삼수화물)_(11.125mg/1캡슐),643508540,한미약품(주),백제약품(주)영등포지점,0,23,189,"4,347"
에소메졸캡슐20밀리그램(에스오메프라졸스트론튬사수화물)_(24.6mg/1캡슐),643504310,한미약품(주),백제약품(주)영등포지점,0,56,921,"51,576"
에소원정20밀리그램(에스오메프라졸마그네슘삼수화물)_(22.25mg/1정),644502300,(주)유유제약,지오영네트웍스(주),0,55,764,"42,020"
에스라진정,670604480,(주)휴온스,복산나이스,0,120,188,"22,576"
에스로반연고(무피로신)_(0.2g/10g),644100481,제이더블유신약(주),지오영네트웍스(주),0,33,"1,312","43,296"
에스코텐정(에스오메프라졸마그네슘삼수화물)_(11.15mg/1정),671807390,대원제약(주),백제약품(주)영등포지점,0,43,189,"8,127"
에스파손겔0.05%(데속시메타손)_(7.5mg/15g),652101021,(주)한독,백제약품(주)영등포지점,0,2,"1,522","3,044"
에스파손로션(0.25%)(데속시메타손)_(50mg/20mL),652101031,(주)한독,백제약품(주)영등포지점,0,3,"2,256","6,768"
에어탈정(아세클로페낙)_(0.1g/1정),641601920,(주)대웅제약,백제약품(주)영등포지점,0,36,187,"6,732"
에이로반연고(무피로신)_(0.3g/15g),623006851,한국신텍스제약(주),복산나이스,0,4,"2,160","8,640"
에이클로크림_(10g),657307041,(주)동구바이오제약,백제약품(주)영등포지점,0,1,"13,320","13,320"
"에코론크림(에코나졸,트리암시놀론아세토니드)_(30g)",643501875,한미약품(주),백제약품(주)영등포지점,0,7,"1,740","12,180"
에크로바정400밀리그람(아시클로버)_(0.4g/1정),648101530,경동제약(주),백제약품(주)영등포지점,0,36,480,"17,280"
에페신정(에페리손염산염)(수출명:에페잔정(Epezantablet))_(50mg/1정),649802520,명문제약(주),백제약품(주)영등포지점,0,78,113,"8,814"
에피나온정10밀리그램(에피나스틴염산염)_(10mg/1정),57000880,주식회사더유제약,백제약품(주)영등포지점,0,399.5,457,"182,571.50"
에피듀오겔0.1%/2.5%,655700292,갈더마코리아(주),지오영네트웍스(주),0,2,"31,667","63,333.33"
엑스콤비정5/80밀리그램_(1정),671805580,대원제약(주),지오영네트웍스(주),0,30,805,"24,150"
엑스포지정5/160밀리그램_(1정),653600850,한국노바티스(주),지오영네트웍스(주),0,23,984,"22,632"
엑스포지정5/80밀리그램_(1정),653600860,한국노바티스(주),백제약품(주)영등포지점,0,75,801,"60,075"
엔딕스크림_(15g),645902322,동광제약(주),(주)훼밀리팜,0,3,705,"2,115"
엔테론정150밀리그람(포도씨건조엑스)_(0.15g/1정),645301210,한림제약(주),지오영네트웍스(주),0,122,333,"40,626"
엔트레스토필름코팅정50밀리그램(사쿠비트릴발사르탄나트륨염수화물)_(56.551mg/1정),653602720,한국노바티스(주),백제약품(주)영등포지점,0,25,"1,599","39,975"
엘도랄정(에르도스테인)_(0.3g/1정),648101580,경동제약(주),백제약품(주)영등포지점,0,230,190,"43,700"
엘도스시럽(에르도스테인)_(3.5g/50mL),641601951,(주)대웅제약,,0,500,43,"21,500"
엘도캡슐(에르도스테인)_(0.3g/1캡슐),52700450,(주)휴온스생명과학,,0,-9,188,"-1,692"
엘라원정,642002920,현대약품(주),복산나이스,0,26,"18,940","492,440"
엘리델크림1%(피메크로리무스)_(0.1g/10g),674900371,한국메나리니(주),백제약품(주)영등포지점,0,1,"11,198","11,198"
엘리델크림1%(피메크로리무스)_(0.3g/30g),674900372,한국메나리니(주),백제약품(주)영등포지점,0,1,"33,591","33,591"
엘린플러스크림_(20g),644801471,태극제약(주),백제약품(주)영등포지점,0,10,"1,719","17,190"
엘스테인캡슐(에르도스테인)_(0.3g/1캡슐),671802250,대원제약(주),복산나이스,0,"2,030.00",181,"367,430"
엠솔론정(메틸프레드니솔론)_(4mg/1정),698002090,(주)제뉴파마,복산나이스,0,118,83,"9,794"
영풍독시사이클린정100밀리그램_(0.1g/1정),661901020,영풍제약(주),지오영네트웍스(주),0,306,145,"44,370"
영풍클로미펜시트르산염정_(50mg/1정),661900950,영풍제약(주),백제약품(주)영등포지점,0,25,265,"6,625"
예나트론질좌제,626200050,(주)베키오바이오젠,,0,-70,"2,700","-189,000"
예나트론질좌제,626200051,(주)베키오바이오젠,복산나이스,0,72,"2,675","192,600"
오구멘틴정375밀리그램(아목시실린클라불란산칼륨(2:1))_(1정),655401500,일성아이에스(주),백제약품(주)영등포지점,0,127,353,"44,831"
오구멘틴정625밀리그램(아목시실린클라불란산칼륨(4:1))_(1정),655401520,일성아이에스(주),백제약품(주)영등포지점,0,41,553,"22,673"
오논캡슐(프란루카스트수화물)_(0.1125g/1캡슐),642502900,동아에스티(주),백제약품(주)영등포지점,0,76,246,"18,696"
오메클네오시럽(아목시실린수화물-묽은클라불란산칼륨)_(50mL),671704451,주식회사제뉴원사이언스,백제약품(주)영등포지점,0,240,88,"21,120"
오메클정375밀리그램(아목시실린수화물묽은클라불란산칼륨(2:1))_(1정),671704100,주식회사제뉴원사이언스,백제약품(주)영등포지점,0,52,300,"15,600"
오셀타원캡슐75mg(오셀타미비르인산염)_(98.5mg/1캡슐),671806060,대원제약(주),복산나이스,0,140,"1,731","242,340"
오셀타원현탁용분말6mg/mL(오셀타미비르인산염)_(0.394g/50mL),671806512,대원제약(주),지오영네트웍스(주),0,500,148,"74,000"
오큐프록스안연고(오플록사신)(수출명:OcuFlox)_(15mg/5g),643901192,삼일제약(주),백제약품(주)영등포지점,0,3,"3,042","9,126"
오티렌정[애엽이소프로판올연조엑스(20→1)]_(60mg/1정),671805280,대원제약(주),백제약품(주)영등포지점,0,82,124,"10,168"
오티렌F정[애엽이소프로판올연조엑스(20→1)]_(90mg/1정),671805960,대원제약(주),백제약품(주)영등포지점,0,30,205,"6,150"
오프라졸캡슐(오메프라졸)_(20mg/1캡슐),642303070,삼성제약(주),백제약품(주)영등포지점,0,20,671,"13,420"
오플로이용액(오플록사신)_(15mg/5mL),52701351,(주)휴온스생명과학,복산나이스,0,3,"2,525","7,575"
옥타신정(오플록사신)_(0.1g/1정),649501940,유니메드제약(주),백제약품(주)영등포지점,0,84,183,"15,372"
올로프리정(올로파타딘염산염)_(5mg/1정),670606170,(주)휴온스,복산나이스,0,303,153,"46,359"
올리엣캡슐120밀리그램,652604090,알보젠코리아(주),복산나이스,0,90,844,"75,930"
올타딘점안액(올로파타딘염산염)_(6.66mg/6mL),649001122,풍림무약(주),백제약품(주)영등포지점,0,2,"6,282","12,564"
옴니세프캡슐100밀리그램(세프디니르)_(0.1g/1캡슐),645400850,제일약품(주),백제약품(주)영등포지점,0,23,429,"9,867"
우루사정100밀리그램(우르소데옥시콜산)_(0.1g/1정),641602040,(주)대웅제약,백제약품(주)영등포지점,0,998,90,"89,820"
우루사정200밀리그램(우르소데옥시콜산)_(0.2g/1정),641602060,(주)대웅제약,백제약품(주)영등포지점,0,20,180,"3,600"
울트라셋이알세미서방정_(1정),646902660,(주)한국얀센,백제약품(주)영등포지점,0,16,264,"4,224"
울트라셋정_(1정),646902330,(주)한국얀센,복산나이스,0,184,184,"33,856"
움스판정(펠라고니움시도이데스11%에탄올추출물(1→8~10))_(1.53846g/1정),652903860,(주)서울제약,백제약품(주)영등포지점,0,242.5,214,"51,895"
원클러캡슐250밀리그램(세파클러수화물)_(0.25g/1캡슐),671802510,대원제약(주),백제약품(주)영등포지점,0,74,438,"32,412"
웰콘정(칼슘폴리카르보필)_(0.625g/1정),646801120,건일제약(주),지오영네트웍스(주),0,60,84,"5,040"
위나지액(알긴산나트륨)_(1g/20mL),653404441,동국제약(주),백제약품(주)영등포지점,0,1,187,187
위모틴정(모사프리드시트르산염수화물)_(5.29mg/1정),671802810,대원제약(주),(주)훼밀리팜,0,106,88,"9,328"
유니레바정(레바미피드)(수출명:유니레다정)_(0.1g/1정),649502160,유니메드제약(주),백제약품(주)영등포지점,0,75,103,"7,725"
유니코나졸캅셀(플루코나졸)_(50mg/1캡슐),649502820,유니메드제약(주),복산나이스,0,62,"1,294","80,228"
유니파딘점안액0.1%(올로파타딘염산염)_(6.66mg/6mL),665507312,한국유니온제약(주),백제약품(주)영등포지점,0,3,"6,282","18,846"
유락신연고(크로타미톤),643601400,(주)녹십자,백제약품(주)영등포지점,0,4,"2,850","11,400"
유로바스정75mg(나프토피딜)_(75mg/1정),657307110,(주)동구바이오제약,복산나이스,0,143,393,"56,199"
유로박솜캡슐(동결건조균체용해물(표준화))_(60mg/1캡슐),654001440,아주약품(주),백제약품(주)영등포지점,0,163,706,"115,078"
유타렌투엑스정(애엽95%에탄올연조엑스(20→1))_(90mg/1정),648507920,신풍제약(주),복산나이스,0,1,205,205
이로바캡슐100밀리그램(가바펜틴)_(0.1g/1캡슐),628901170,(주)이든파마,백제약품(주)영등포지점,0,32,168,"5,376"
이르딘정2밀리그램(이르소글라딘말레산염)_(2mg/1정),628900010,(주)이든파마,백제약품(주)영등포지점,0,343,120,"41,160"
이리보정2.5마이크로그램(라모세트론염산염)_(2.5㎍/1정),677200220,한국아스텔라스제약(주),백제약품(주)영등포지점,0,100,224,"22,400"
이소티논연질캡슐10밀리그램(이소트레티노인)_(10mg/1캡슐),643502190,한미약품(주),백제약품(주)영등포지점,0,761,270,"205,470"
이트라정100밀리그램(이트라코나졸)_(0.1g/1정),643502200,한미약품(주),(주)훼밀리팜,0,127,"1,145","145,415"
인데놀정10mg(프로프라놀롤염산염)_(10mg/1정),645902470,동광제약(주),복산나이스,0,955,15,"14,325"
인데놀정40mg(프로프라놀롤염산염)_(40mg/1정),645902480,동광제약(주),백제약품(주)영등포지점,0,939,32,"30,048"
일양디세텔정(피나베륨브롬화물)_(50mg/1정),641701610,일양약품(주),백제약품(주)영등포지점,0,82,100,"8,200"
자나팜정0.125밀리그램(알프라졸람)_(0.125mg/1정),651904650,명인제약(주),지오영네트웍스(주),0,58,53,"3,074"
자나팜정0.25밀리그람(알프라졸람)_(0.25mg/1정),651901730,명인제약(주),복산나이스,0,12,71,852
자낙스정0.25밀리그램(알프라졸람)_(0.25mg/1정),73400470,비아트리스코리아(주),복산나이스,0,30,84,"2,520"
자누메트엑스알서방정100/1000밀리그램_(1정),655501800,한국엠에스디(유),(주)훼밀리팜,0,30,572,"17,160"
자디앙듀오정5/850밀리그램_(1정),653501550,한국베링거인겔하임(주),백제약품(주)영등포지점,0,50,301,"15,050"
자이로릭정(알로푸리놀)_(0.1g/1정),643901390,삼일제약(주),복산나이스,0,180,72,"12,960"
잘레톤정(잘토프로펜)_(80mg/1정),693902200,(주)셀트리온제약,백제약품(주)영등포지점,0,17,147,"2,499"
제뉴원세파드록실캡슐(세파드록실수화물)_(0.5g/1캡슐),671701940,주식회사제뉴원사이언스,,0,-9,229,"-2,061"
제니칼캅셀120밀리그람,643307660,(주)종근당,,0,28,"1,050","29,400"
제로민연질캡슐(디펜히드라민염산염),645802780,한솔신약(주),백제약품(주)영등포지점,0,140,110,"15,400"
제스판골드정,643302430,(주)종근당,백제약품(주)영등포지점,0,6,85,510
제이알히드로코르티손연고_(0.15g/15g),658201211,(주)비보존제약,백제약품(주)영등포지점,0,26,795,"20,670"
제이알히드로코르티손연고_(4.5g/450g),658201212,(주)비보존제약,지오영네트웍스(주),0,0.67,"20,585","13,849.59"
제일스파게린정(플라복세이트염산염)_(0.2g/1정),645401240,제일약품(주),백제약품(주)영등포지점,0,24,125,"3,000"
조인트맥스프리미엄정_(1정),658107750,(유)한풍제약,(주)녹십자,0,2,"34,100","68,200"
졸피드정10밀리그램(졸피뎀타르타르산염)_(10mg/1정),643502320,한미약품(주),백제약품(주)영등포지점,0,28,174,"4,872"
종근당아목시실린캡슐500밀리그램_(0.5g/1캡슐),643303130,(주)종근당,복산나이스,0,62,95,"5,890"
주블리아외용액 4ml,642507391,동아에스티(주),복산나이스,0,4,"30,714","122,856"
주블리아외용액 8ml,642507551,동아에스티(주),복산나이스,0,3,"54,913","164,739"
주블리아외용액8ml,642507550,동아에스티(주),,0,3,"85,000","255,000"
중외관류용멸균증류수_(1000mL),644902331,제이더블유중외제약(주),지오영네트웍스(주),0,10,990,"9,900"
지노베타딘질좌제(포비돈요오드)_(0.2g/1개),647300950,에이치엘비제약(주),복산나이스,0,80,640,"51,200"
지노센스질연질캡슐_(1캡슐),642004290,현대약품(주),지오영네트웍스(주),0,38,281,"10,678"
지노프로질정_(1정),642001040,현대약품(주),복산나이스,0,20,818,"16,360"
지르텍정(세티리진염산염)_(10mg/1정),654100110,한국유씨비제약(주),백제약품(주)영등포지점,0,164.5,210,"34,545"
지스로맥스정250밀리그람(아지트로마이신수화물)_(0.25g/1정),648900880,한국화이자제약(주),복산나이스,0,144,"1,077","155,088"
"진세프정(세푸록심악세틸)(수출명:진세프틸정,제프렉소민정)_(0.30072g/1정)",643702060,국제약품(주),백제약품(주)영등포지점,0,38,634,"24,092"
진코발정40밀리그램(은행엽엑스)_(40mg/1정),670607730,(주)휴온스,백제약품(주)영등포지점,0,10,128,"1,280"
"카네마졸100밀리그람질정_(클로트리마졸,0.1g/1정)",645902600,동광제약(주),복산나이스,0,818,245,"200,410"
카네스졸플러스크림_(20g),57001002,주식회사더유제약,백제약품(주)영등포지점,0,2,"1,720","3,440"
카모딕스듀오정500밀리그램(아목시실린클라불란산칼륨(7:1)_(1정),645701060,삼아제약(주),백제약품(주)영등포지점,0,3,278,834
카이닉스점안액(히알루론산나트륨)(1회용)_(0.5mg/0.5mL),670607641,(주)휴온스,복산나이스,0,240,198,"47,520"
카페린에스정,645204090,슈넬생명과학(주),복산나이스,0,216,138,"29,879.28"
칼시롤정_(1정),664900510,성원애드콕제약(주),백제약품(주)영등포지점,0,90,80,"7,200"
칼테오-40정(Calteo-40Tablets)_(1정),675000020,(주)파마택코리아,백제약품(주)영등포지점,0,67,70,"4,690"
캐롤키즈콜드시럽_(5mL),642906331,일동제약(주),일동제약,0,10,"2,490","24,900"
캘코트정6밀리그람(데플라자코트(미분화))_(6mg/1정),652101220,(주)한독,백제약품(주)영등포지점,0,64,210,"13,440"
케이비피드정(레바미피드)_(0.1g/1정),665000630,(주)경보제약,백제약품(주)영등포지점,0,59,88,"5,192"
케이스틴정(아젤라스틴염산염)_(1mg/1정),671701190,주식회사제뉴원사이언스,지오영네트웍스(주),0,68.5,176,"12,056"
케이캡정25밀리그램(테고프라잔)_(25mg/1정),640007800,에이치케이이노엔(주),백제약품(주)영등포지점,0,30,867,"26,010"
케이캡정50밀리그램(테고프라잔)_(50mg/1정),640007270,에이치케이이노엔(주),복산나이스,0,34,"1,300","44,200"
케이프록스액(시클로피록스올아민),671701370,한국콜마(주),복산나이스,0,1,"7,200","7,200"
케토라신정(케토롤락트로메타민)_(10mg/1정),653400910,동국제약(주),백제약품(주)영등포지점,0,54,165,"8,910"
케토톱엘플라스타(케토프로펜)_(6.8X10.3㎠/1매),652105440,(주)한독,백제약품(주)영등포지점,0,7,211,"1,477"
"케토톱플라스타(케토프로펜)(인도수출명:케토패취,대만수출명:관건(關建),베트남수출명:태평양케토프로펜,나이지리아수출용:ZilixPlasters)_(",652105280,(주)한독,복산나이스,0,170,271,"46,000"
"코나진정(세티리진염산염)(수출명:알리코염산세티리진정,보파세티리진나정,자이조세트정)_(10mg/1정)",656001520,알리코제약(주),지오영네트웍스(주),0,295,640,"188,800"
코대원에스시럽_(20mL),671807171,대원제약(주),백제약품(주)영등포지점,0,115,490,"56,350"
코대원정(수출명:네오-케이정)_(1정),671802920,대원제약(주),지오영네트웍스(주),0,"3,448.50",37,"127,594.50"
코대원포르테시럽_(20mL),671805622,대원제약(주),지오영네트웍스(주),0,"1,418.00",198,"280,764"
코데날정_(1정),645701150,삼아제약(주),백제약품(주)영등포지점,0,"2,881.50",30,"86,445"
코디케어로션2.5%(히드로코르티손)_(1.25g/50g/개),657303246,(주)동구바이오제약,복산나이스,0,3,"7,350","22,050"
코미시럽_(1000mL),670301363,코오롱제약(주),,0,3,0,0
코미시럽_(500mL),670301364,코오롱제약(주),지오영네트웍스(주),0,484,13,"6,292"
코슈엘정_(1정),670304200,코오롱제약(주),지오영네트웍스(주),0,40,151,"6,040"
코슈정(슈도에페드린염산염)_(60mg/1정),670301460,코오롱제약(주),백제약품(주)영등포지점,0,"3,500.00",31,"108,500"
"코싹엘정(레보세티리진,슈도에페드린)_(1정)",643506740,한미약품(주),온라인팜-전문,0,9.5,149,"1,415.50"
코푸시럽_(13mL),642105881,(주)유한양행,백제약품(주)영등포지점,0,24,130,"3,120"
코푸정_(1정),642102300,(주)유한양행,복산나이스,0,"1,239.00",37,"45,843"
콜킨정(콜키신)_(0.6mg/1정),644304080,한국유나이티드제약(주),백제약품(주)영등포지점,0,165,75,"12,375"
큐미날서방정0.2mg(탐스로신염산염)_(0.2mg/1정),673400030,주식회사큐엘파마,지오영네트웍스(주),0,56,465,"26,040"
큐알론점안액0.18%(히알루론산나트륨)(1회용)_(0.81mg/0.45mL),643704571,국제약품(주),백제약품(주)영등포지점,0,240,277,"66,480"
큐어펜시럽(덱시부프로펜)_(72mg/6mL),671804912,대원제약(주),백제약품(주)영등포지점,0,23,144,"3,312"
크라모넥스듀오정500밀리그램(아목시실린-클라불란산칼륨(7:1))_(1정),642404330,영진약품(주),복산나이스,0,688,278,"191,264"
크라비트점안액(레보플록사신수화물)_(25mg/5mL),665600031,한국산텐제약(주),백제약품(주)영등포지점,0,2,"3,265","6,530"
크래이신정250밀리그램(클래리트로마이신)_(0.25g/1정),646004150,(주)메디카코리아,백제약품(주)영등포지점,0,130,735,"95,550"
크러벤액(클로베타솔프로피오네이트)_(11.65mg/25mL),644100701,제이더블유신약(주),복산나이스,0,4,"1,375","5,500"
크레오신티외용액1%,652103810,(주)한독,복산나이스,0,4,"8,888","35,552"
크레오신티외용액1％,652103811,(주)한독,복산나이스,0,4,"9,420","37,680"
크레트롤정10/5밀리그램_(1정),654004740,아주약품(주),백제약품(주)영등포지점,0,120,814,"97,680"
크리멘28정_(28정),641100820,바이엘코리아(주),백제약품(주)영등포지점,0,957,308,"294,824.37"
클래라정,641105750,바이엘코리아(주),복산나이스,0,869,709,"615,810.67"
클래신건조시럽125mg/5mL(클래리트로마이신)_(2.5g/100mL),671803031,대원제약(주),백제약품(주)영등포지점,0,231,100,"23,100"
클래신정500mg(클래리트로마이신)_(0.5g/1정),671805600,대원제약(주),복산나이스,0,269.5,"1,290","347,655"
클레신비액2%(크로모글리크산나트륨)_(0.2g/10mL),645301781,한림제약(주),복산나이스,0,1,"3,480","3,480"
클리마토플란정,681300010,(주)엘브리지,백제약품(주)영등포지점,0,230,308,"70,840"
클린디올액,57000031,주식회사 더유제약,복산나이스,0,1,"8,470","8,470"
타가메트정200밀리그램(시메티딘)_(0.2g/1정),642105000,(주)유한양행,복산나이스,0,33,69,"2,277"
타나민정80밀리그램(은행엽건조엑스)_(80mg/1정),644501140,(주)유유제약,복산나이스,0,60,182,"10,920"
타리비드안연고(오플록사신)_(10.5mg/3.5g),665600081,한국산텐제약(주),복산나이스,0,3,"2,618","7,854"
타리비드점안액(오플록사신)_(15mg/5mL),665600141,한국산텐제약(주),백제약품(주)영등포지점,0,1,"2,543","2,543"
타이레놀8시간이알서방정(아세트아미노펜)_(0.65g/1정),646902600,(주)한국얀센,지오영네트웍스(주),0,166,"1,750","290,500"
타이레놀8시간이알서방정(아세트아미노펜)_(0.65g/1정),672300240,한국존슨앤드존슨판매(유),복산나이스,0,"9,744.00",70,"682,080"
타이레놀8시간이알서방정325밀리그람(아세트아미노펜)_(0.325g/1정),646900700,(주)한국얀센,약국간거래,0,61,40,"2,440"
"타이펜8시간이알서방정_(아세트아미노펜,0.65g/1정)",661901710,영풍제약(주),(주)훼밀리팜,0,4,70,280
타파정(티로프라미드염산염)_(0.1g/1정),649504210,유니메드제약(주),백제약품(주)영등포지점,0,79,135,"10,665"
탄툼베르데네뷸라이저(염산벤지다민),645701190,삼아제약(주),복산나이스,0,1,"5,200","5,200"
터나빈정(테르비나핀염산염)_(0.140625g/1정),671701540,주식회사제뉴원사이언스,(주)훼밀리팜,0,153,432,"66,096"
테올란비서방캡슐100밀리그램(테오필린)_(0.1g/1캡슐),652601360,알보젠코리아(주),백제약품(주)영등포지점,0,30,69,"2,070"
토피솔밀크로션(메틸프레드니솔론아세폰산염)_(50mg/50g),670301772,코오롱제약(주),복산나이스,0,4,"8,907","35,628"
투리온정(베포타스틴베실산염)_(10mg/1정),626500960,동아제약(주),지오영네트웍스(주),0,59.5,148,"8,806"
투앤티크림0.025%,57000903,주식회사 더유제약,복산나이스,0,3,"21,760","65,280"
투윈에취시럽_(20mL),648103481,경동제약(주),백제약품(주)영등포지점,0,3,200,600
튜란트과립200mg(아세틸시스테인)_(40g/200g),670303991,코오롱제약(주),지오영네트웍스(주),0,56.8,90,"5,112.03"
트라마롤세미서방정_(1정),645404050,제일약품(주),백제약품(주)영등포지점,0,30,278,"8,340"
트라보겐크림(이소코나졸질산염)_(0.2g/20g),641105951,바이엘코리아(주),백제약품(주)영등포지점,0,2,"1,669","3,338"
트라보코트크림_(15g),626700131,레오파마(유),복산나이스,0,2,"1,335","2,670"
트라보코트크림_(15g),641105981,바이엘코리아(주),백제약품(주)영등포지점,0,1,"1,748","1,748"
트라시논정2밀리그램(트리암시놀론)_(2mg/1정),670701090,초당약품공업(주),백제약품(주)영등포지점,0,958,30,"28,740"
트레인연질캡슐(이소트레티노인)_(10mg/1캡슐),698002580,(주)제뉴파마,지오영네트웍스(주),0,"1,598.00",196,"313,208"
트로나인크림_(30g),698000242,(주)제뉴파마,백제약품(주)영등포지점,0,2.8,"1,320","3,696"
트리돌캡슐(트라마돌염산염)_(50mg/1캡슐),642102520,(주)유한양행,백제약품(주)영등포지점,0,104,90,"9,360"
트윈스타정40/5밀리그램_(1정),653501270,한국베링거인겔하임(주),백제약품(주)영등포지점,0,60,697,"41,820"
티니다진정(티니다졸)_(0.15g/1정),653802640,신일제약(주),복산나이스,0,657,41,"26,937"
티니다진정500밀리그람(티니다졸)_(0.5g/1정),653802650,신일제약(주),복산나이스,0,46,95,"4,370"
티로드정(티로프라미드염산염)_(0.1g/1정),671803200,대원제약(주),복산나이스,0,220.5,135,"29,767.50"
티메롤8시간이알서방정(아세트아미노펜)_(0.65g/1정),652901880,(주)서울제약,지오영네트웍스(주),0,"1,185.00",70,"82,950"
티어린프리점안액(히알루론산나트륨)(1회용)_(0.5mg/0.5mL),674101161,(주)옵투스제약,지오영네트웍스(주),0,60,198,"11,880"
티어린피점안액(히알루론산나트륨)(1회용)_(0.75mg/0.5mL),674101121,(주)옵투스제약,복산나이스,0,240,248,"59,520"
티티베크림(프레드니카르베이트)_(25mg/10g),643503161,한미약품(주),백제약품(주)영등포지점,0,4,"1,610","6,440"
파누스에프정(은행엽엑스)_(80mg/1정),647802410,삼진제약(주),백제약품(주)영등포지점,0,60,128,"7,680"
파라딘0.2%점안액(올로파타딘염산염)(1회용)_(0.666mg/0.3mL),649606091,대우제약(주),백제약품(주)영등포지점,0,90,958,"86,220"
파마메코발라민정(메코발라민)_(0.5mg/1정),653002990,(주)한국파마,복산나이스,0,190,50,"9,500"
파비졸정10밀리그램(라베프라졸나트륨)_(10mg/1정),649404240,영일제약(주),지오영네트웍스(주),0,99,534,"52,866"
파사렉트연고(희석니트로글리세린),ZA00002308,대화제약(주),복산나이스,0,1,"22,900","22,900"
파타데이0.2%점안액(올로파타딘염산염)_(6.66mg/3mL),653603111,한국노바티스(주),백제약품(주)영등포지점,0,2,"6,888","13,776"
팍스로비드,648903670,한국화이자제약(주),질병관리청,0,349,0,0
팍스로비드정,648903860,한국화이자제약(주),질병관리청,0,6,0,0
팔팔정100밀리그램,643506240,한미약품(주),온라인팜-전문,0,34,"3,520","119,680"
팔팔정50밀리그램,643506250,한미약품(주),복산나이스,0,30,"1,740","52,211.25"
팜시나정(팜시클로비르)_(0.25g/1정),628900040,(주)이든파마,백제약품(주)영등포지점,0,21,"3,270","68,670"
팜시르정250밀리그램(팜시클로비르)_(0.25g/1정),641803160,광동제약(주),백제약품(주)영등포지점,0,46,"3,270","150,420"
퍼스크린액0.12%(클로르헥시딘글루콘산염액)_(0.09mL/15mL),649507371,유니메드제약(주),복산나이스,0,6,209,"1,254"
페나셋세미정_(1정),646002780,(주)메디카코리아,지오영네트웍스(주),0,297,107,"31,779"
페니라민정(클로르페니라민말레산염)_(2mg/1정),642102570,(주)유한양행,백제약품(주)영등포지점,0,728.5,15,"10,927.50"
페리덱스연고(덱살틴엔케이),643601720,(주)녹십자,지오영네트웍스(주),0,5,"2,640","13,200"
페마라정(레트로졸)_(2.5mg/1정),653601250,한국노바티스(주),지오영네트웍스(주),0,25,"2,931","73,275"
페브릭정40밀리그램(페북소스타트)_(40mg/1정),644704010,에스케이케미칼(주),(주)훼밀리팜,0,29,221,"6,409"
펙소나딘정120밀리그램(펙소페나딘염산염)_(0.12g/1정),643503280,한미약품(주),백제약품(주)영등포지점,0,125,226,"28,250"
펙소나딘정180밀리그램(펙소페나딘염산염)_(0.18g/1정),643503270,한미약품(주),백제약품(주)영등포지점,0,60,314,"18,840"
펙소나딘정30밀리그램(펙소페나딘염산염)_(30mg/1정),643503290,한미약품(주),백제약품(주)영등포지점,0,64,91,"5,824"
펙소스타정80밀리그램(페북소스타트)_(80mg/1정),643507430,한미약품(주),백제약품(주)영등포지점,0,19,311,"5,909"
펜렉스정(록소프로펜나트륨수화물)_(68.1mg/1정),647301150,에이치엘비제약(주),복산나이스,0,67,125,"8,375"
펜폴캡슐(펜토산폴리설페이트나트륨)_(0.1g/1캡슐),643305980,(주)종근당,백제약품(주)영등포지점,0,196,"2,264","443,744"
펠루비서방정(펠루비프로펜)_(45mg/1정),671805860,대원제약(주),백제약품(주)영등포지점,0,103,304,"31,312"
펠루비정(펠루비프로펜)_(30mg/1정),671803380,대원제약(주),복산나이스,0,331,180,"59,580"
포러스안연고_(5g),643901602,삼일제약(주),복산나이스,0,3,"1,587","4,761"
포리부틴드라이시럽(트리메부틴)_(1.9675g/250mL),643901621,삼일제약(주),백제약품(주)영등포지점,0,428,15,"6,420"
포리부틴서방정(트리메부틴말레산염)_(0.3g/1정),643901630,삼일제약(주),백제약품(주)영등포지점,0,84,222,"18,648"
포리부틴정(트리메부틴말레산염)_(0.1g/1정),643901650,삼일제약(주),복산나이스,0,67,81,"5,427"
포리부틴정150mg(트리메부틴말레산염)_(0.15g/1정),643901660,삼일제약(주),백제약품(주)영등포지점,0,87,103,"8,961"
포스터100/6에이치에프에이_(120회),670302181,코오롱제약(주),백제약품(주)영등포지점,0,2,"39,158","78,316"
포스포산(포스포마이신트로메타몰)_(5.631g/8g),662503951,(주)넥스팜코리아,백제약품(주)영등포지점,0,4,"5,459","21,836"
포타겔현탁액(디옥타헤드랄스멕타이트)_(3g/20mL),671803431,대원제약(주),백제약품(주)영등포지점,0,148,246,"36,408.74"
포타겔현탁액(디옥타헤드랄스멕타이트)_(75g/500mL),671803433,대원제약(주),백제약품(주)영등포지점,0,580,13,"7,540"
폭세틴캡슐20밀리그램(플루옥세틴염산염)_(22.4mg/1캡슐),657200990,환인제약(주),복산나이스,0,4,284,"1,136"
푸라콩정(피프린히드리나트)_(3mg/1정),642401650,영진약품(주),지오영네트웍스(주),0,782,10,"7,820.02"
푸링정,652604860,알보젠코리아(주),백제약품(주)영등포지점,0,75,330,"24,750"
퓨어릴네일라카(아모롤핀염산염)_(0.2787g/5mL),57000651,주식회사더유제약,복산나이스,0,1,"23,190","23,190"
프라카논정75밀리그람(프란루카스트수화물)_(75mg/1정),642102710,(주)유한양행,복산나이스,0,62,583,"36,146"
프란피드정50밀리그램(프란루카스트수화물)_(50mg/1정),653405820,동국제약(주),백제약품(주)영등포지점,0,"1,447.00",263,"380,561"
프레나정(메틸프레드니솔론)_(4mg/1정),644802910,태극제약(주),(주)훼밀리팜,0,100,98,"9,800"
프레디솔정(메틸프레드니솔론)_(4mg/1정),658602790,이연제약(주),(주)훼밀리팜,0,883.25,83,"73,309.95"
프레카크림(프레드니카르베이트)_(37.5mg/15g),671701801,주식회사제뉴원사이언스,복산나이스,0,3,"2,414","7,242"
프로기노바28정1밀리그램(에스트라디올발레레이트)_(1mg/1정),641100890,바이엘코리아(주),백제약품(주)영등포지점,0,84,114,"9,576"
프로기노바28정2밀리그램(에스트라디올발레레이트)_(2mg/1정),641100900,바이엘코리아(주),지오영네트웍스(주),0,98,173,"16,954"
프로몬크림(모메타손푸로에이트)_(20mg/20g),698002905,(주)제뉴파마,지오영네트웍스(주),0,4,"3,860","15,440"
프로베라정10mg(메드록시프로게스테론아세테이트)_(10mg/1정),648901200,한국화이자제약(주),지오영네트웍스(주),0,112,260,"29,120"
프로베라정5mg(메드록시프로게스테론아세테이트)_(5mg/1정),648901220,한국화이자제약(주),백제약품(주)영등포지점,0,206,164,"33,784"
프로부틴정(트리메부틴말레산염)_(0.1g/1정),665002230,(주)경보제약,백제약품(주)영등포지점,0,180,81,"14,580"
프로솔액(클로베타솔프로피오네이트)_(23.3mg/50mL),671703931,주식회사제뉴원사이언스,복산나이스,0,1,"2,750","2,750"
프로신점안액(레보플록사신수화물)_(30mg/6mL),665506542,한국유니온제약(주),(주)훼밀리팜,0,4,"4,044","16,176"
프로토픽연고0.03%(타크로리무스수화물)_(3.06mg/10g),626700121,레오파마(유),백제약품(주)영등포지점,0,1,"6,250","6,250"
프로토픽연고0.03%(타크로리무스수화물)_(9.18mg/30g),626700122,레오파마(유),백제약품(주)영등포지점,0,1,"18,750","18,750"
프로토픽연고0.1%(타크로리무스수화물)_(10.2mg/10g),626700111,레오파마(유),백제약품(주)영등포지점,0,1,"7,000","7,000"
프로토픽연고0.1%(타크로리무스수화물)_(30.6mg/30g),626700112,레오파마(유),복산나이스,0,1,"21,000","21,000"
프로틴정(니자티딘)_(75mg/1정),643101950,(주)바이넥스,복산나이스,0,240,140,"33,600"
프론독심건조시럽(세프포독심프록세틸)_(2g/200mL),651602121,한화제약(주),복산나이스,0,2,"20,800","41,600"
"프루칸캡슐(플루코나졸)(수출명:FlucorCaps.,FlozolCaps.,FlukorCaps.,DifruzolCaps.)_(50mg/1캡슐)",644304710,한국유나이티드제약(주),백제약품(주)영등포지점,0,24,"1,784","42,816"
프리겔현탁액(알마게이트)_(1.5g/15mL),671803501,대원제약(주),백제약품(주)영등포지점,0,418,106,"44,308"
프리비투스현탁액(레보클로페라스틴펜디조산염)_(3.54g/500mL),671803514,대원제약(주),백제약품(주)영등포지점,0,806,19,"15,314"
프리비투스현탁액(레보클로페라스틴펜디조산염)_(56.64mg/8mL),671803511,대원제약(주),백제약품(주)영등포지점,0,199,152,"30,248"
플라빅스정75밀리그람(클로피도그렐황산염)_(97.875mg/1정),652101570,(주)한독,백제약품(주)영등포지점,0,10,"1,083","10,830"
플레카크림(플루트리마졸)_(0.15g/15g),644100951,제이더블유신약(주),백제약품(주)영등포지점,0,1,"2,130","2,130"
플루진캡슐(플루코나졸)_(50mg/1캡슐),658106430,(유)한풍제약,백제약품(주)영등포지점,0,487,"1,516","738,292"
피나모정1mg,664902100,성원애드콕제약(주),대한파마,0,"1,092.00",233,"254,436"
피나시아정5밀리그램(피나스테리드)_(5mg/1정),663606010,한국프라임제약(주),복산나이스,0,13,732,"9,516"
피나온정1밀리그램,57700230,독립바이오제약(주),복산나이스,0,90,318,"28,635"
피디정2밀리그램(메틸프레드니솔론)_(2mg/1정),644103640,제이더블유신약(주),백제약품(주)영등포지점,0,45,49,"2,205"
핀쥬베스프레이,641908001,(주)보령,복산나이스,0,2,"137,820","275,640"
하루날디정0.2밀리그람(탐스로신염산염)_(0.2mg/1정),677200160,한국아스텔라스제약(주),(주)훼밀리팜,0,362,644,"233,128"
"하이로손크림(히드로코르티손)(수출명:Hydrocortisone1%CreamMaxStrength,HydrocortisoneCream)_(0.2g/",644803091,태극제약(주),백제약품(주)영등포지점,0,5,"1,300","6,500"
하이벨라씨정,ZA00002199,광동제약,백제약품(주)영등포지점,0,4,"36,000","144,000"
하이크라듀오정500mg(아목시실린-클라불란산칼륨(7:1))_(1정),649104250,한국휴텍스제약(주),백제약품(주)영등포지점,0,2,278,556
하이클로크림_(5g),57000691,주식회사더유제약,지오영네트웍스(주),0,2,"4,475","8,950"
하이트리크림_(20g),671701861,주식회사제뉴원사이언스,백제약품(주)영등포지점,0,7,"1,720","12,040"
하티손로션1%(히드로코르티손)_(0.6g/60mL),643503452,한미약품(주),백제약품(주)영등포지점,0,5,"2,626","13,130"
한미유리아크림200밀리그램(우레아)_(10g/50g),643503743,한미약품(주),온라인팜-전문,0,57,"1,648","93,936"
한미유리아크림200밀리그램(우레아)_(90g/450g),643503744,한미약품(주),(주)훼밀리팜,0,1,"14,840","14,840"
한미탐스오디정0.2밀리그램(탐스로신염산염)_(0.2mg/1정),643506100,한미약품(주),백제약품(주)영등포지점,0,90,620,"55,800"
헤데코푸시럽(아이비엽70%에탄올유동엑스)_(10g/500mL),671702021,주식회사제뉴원사이언스,복산나이스,0,825,34,"28,050"
헤모렉스크림(염산프라목신)_(0.35g/35g),645602181,대화제약(주),백제약품(주)영등포지점,0,3,"2,832","8,496"
헥사메딘액0.12%(클로르헥시딘글루콘산염액)_(0.6mL/100mL),642204291,부광약품(주),지오영네트웍스(주),0,88,910,"80,080"
헥사메딘액0.12%(클로르헥시딘글루콘산염액)_(1.2mL/200mL),642204544,부광약품(주),백제약품(주)영등포지점,0,4,"1,365","5,460"
헥사메딘액0.12%(클로르헥시딘글루콘산염액)_(1.5mL/250mL),642204292,부광약품(주),지오영네트웍스(주),0,7,"1,200","8,400"
현대미녹시딜정_(5mg/1정),642001290,현대약품(주),백제약품(주)영등포지점,0,311.75,79,"24,628.25"
후라시닐정(메트로니다졸)_(0.25g/1정),640002760,에이치케이이노엔(주),백제약품(주)영등포지점,0,564,73,"41,172"
후로스판정(플로로글루시놀)_(62.238mg/1정),645602250,대화제약(주),지오영네트웍스(주),0,60,132,"7,920"
후루날캡슐(플루코나졸)(수출명:FLUCONCap.)_(50mg/1캡슐),665505150,한국유니온제약(주),복산나이스,0,79,"1,782","140,778"
후루손점안액(플루오로메톨론)_(6mg/6mL),649602762,대우제약(주),지오영네트웍스(주),0,2,"2,016","4,032"
후루손플러스점안액_(6mL),649602822,대우제약(주),백제약품(주)영등포지점,0,1,"2,448","2,448"
후루졸캡슐(플루코나졸)_(50mg/1캡슐),671703800,주식회사제뉴원사이언스,백제약품(주)영등포지점,0,36,"1,784","64,224"
후메론점안액(플루오로메토론)_(5mg/5mL),645303111,한림제약(주),백제약품(주)영등포지점,0,1,"1,790","1,790"
훼라민큐정,653401260,동국제약(주),복산나이스,0,2,"29,000","58,000"
훼로바-유서방정(건조황산제일철)_(0.256g/1정),642202450,부광약품(주),부광약품,0,"1,500.00",93,"139,500"
휴낙정(아세클로페낙)_(0.1g/1정),628800250,(주)휴비스트제약,지오영네트웍스(주),0,2,188,376
휴세틸건조시럽50mg/5mL(세프포독심프록세틸)_(2g/200mL),670607811,(주)휴온스,백제약품(주)영등포지점,0,804,104,"83,616"
휴세틸정100밀리그램(세프포독심프록세틸)_(0.1g/1정),670607790,(주)휴온스,복산나이스,0,568,491,"278,888"
"휴온스아목시실린캡슐500mg(수출명:아목시캡슐,목시리나캡슐500mgAMOXICARECap500mg,BOPAAMOXICILLINA500mgCap)",670603250,(주)휴온스,지오영네트웍스(주),0,305,76,"23,180"
"휴온스아세틸시스테인캡슐200mg(수출명:MUCOCAPCAP.,MUCETINECAP.)_(0.2g/1캡슐)",670603280,(주)휴온스,서울약사신협,0,145,64,"9,280"
휴텍스에이에이피정325밀리그람(아세트아미노펜제피세립)_(0.325g/1정),649101320,한국휴텍스제약(주),(주)훼밀리팜,0,233,29,"6,757"
히로손로션1%(히드로코르티손)_(0.5g/50g),698001951,(주)제뉴파마,복산나이스,0,1,"4,250","4,250"
히아레인0.1점안액(히알루론산나트륨)_(5mg/5mL),650101671,(주)태준제약,,0,2,0,0
히알루미니점안액0.18%(히알루론산나트륨)(1회용)_(0.9mg/0.5mL),643506201,한미약품(주),백제약품(주)영등포지점,0,240,277,"66,480"
히알루미니점안액0.3%(히알루론산나트륨)(1회용)_(1.5mg/0.5mL),643507991,한미약품(주),복산나이스,0,270,396,"106,920"
히알산점안액0.15%(히알루론산나트륨)(1회용)_(0.675mg/0.45mL),649604801,대우제약(주),복산나이스,0,40,241,"9,640"
히알산점안액0.15%(히알루론산나트륨)(1회용)_(0.75mg/0.5mL),649604811,대우제약(주),복산나이스,0,3,248,744
히알산점안액0.15%(히알루론산나트륨)_(9mg/6mL),649605491,대우제약(주),백제약품(주)영등포지점,0,4,"3,229","12,916"
히알산점안액0.3%(히알루론산나트륨)(1회용)_(1.35mg/0.45mL),649604741,대우제약(주),백제약품(주)영등포지점,0,240,384,"92,160"
히알원점안액0.3%(히알루론산나트륨)(1회용)_(1.05mg/0.35mL),657807201,하나제약(주),백제약품(주)영등포지점,0,240,396,"95,040"
히티손정(히드로코르티손)_(10mg/1정),669906160,대한뉴팜(주),백제약품(주)영등포지점,0,58.5,94,"5,499"
